;;left;;
CreateMeshBuilder,
AddVertex, -1,1.35,-19,0,1,0
AddVertex, -1,3.25,-15,0,1,0
AddVertex, -1,-1.0,-15,0,1,0
AddVertex, -1,-3.1,-19,0,1,0
AddFace, 3, 2, 1, 0
LoadTexture, bridge2e.png
SetTextureCoordinates, 0, 0, 0
SetTextureCoordinates, 1, 0.8, 0
SetTextureCoordinates, 2, 0.8, 0.75
SetTextureCoordinates, 3, 0, 0.75
SetDecalTransparentColor, 0,0,255
translate,-4,-0.8,0

CreateMeshBuilder,
AddVertex, -1,1.35,-19,0,1,0
AddVertex, -1,3.25,-15,0,1,0
AddVertex, -1,-1.0,-15,0,1,0
AddVertex, -1,-3.1,-19,0,1,0
AddFace, 0, 1, 2, 3
LoadTexture, bridge2g.png
SetTextureCoordinates, 0, 0, 0
SetTextureCoordinates, 1, 0.8, 0
SetTextureCoordinates, 2, 0.8, 0.75
SetTextureCoordinates, 3, 0, 0.75
SetDecalTransparentColor, 0,0,255
translate,-3.9,-0.8,0

CreateMeshBuilder,
AddVertex, -1,1.15,-24,0,1,0
AddVertex, -1,1.35,-19,0,1,0
AddVertex, -1,-3.5,-19,0,1,0
AddVertex, -1,-3.5,-24,0,1,0
AddFace2, 0, 1, 2, 3
LoadTexture, bridge2e.png
SetTextureCoordinates, 0, 0, 0
SetTextureCoordinates, 1, 1, 0
SetTextureCoordinates, 2, 1, 0.8
SetTextureCoordinates, 3, 0, 0.8
SetDecalTransparentColor, 0,0,255
translate,-4,-0.8,0

CreateMeshBuilder,
AddVertex, -0.9,1.15,-24,0,1,0
AddVertex, -0.9,1.35,-19,0,1,0
AddVertex, -0.9,-3.5,-19,0,1,0
AddVertex, -0.9,-3.5,-24,0,1,0
AddFace2,  0, 1, 2, 3
LoadTexture, bridge2g.png
SetTextureCoordinates, 0, 0, 0
SetTextureCoordinates, 1, 1, 0
SetTextureCoordinates, 2, 1, 0.8
SetTextureCoordinates, 3, 0, 0.8
SetDecalTransparentColor, 0,0,255
translate,-4,-0.8,0


CreateMeshBuilder,
AddVertex, 4,4.0,-19,0,1,0
AddVertex, 4,5.0,-10,0,1,0
AddVertex, 4,-2.5,-10,0,1,0
AddVertex, 4,-3.5,-19,0,1,0
AddFace2,  0, 1, 2, 3
LoadTexture, bridge2b.png
SetTextureCoordinates, 0, 0, 0
SetTextureCoordinates, 1, 0.9, 0
SetTextureCoordinates, 2, 0.9, 1
SetTextureCoordinates, 3, 0, 1
SetDecalTransparentColor, 0,0,255
translate,-4,-0.8,0

CreateMeshBuilder,
AddVertex, 4,1.3,-19,0,1,0
AddVertex, 9,1.3,-19,0,1,0
AddVertex, 9,-3.5,-19,0,1,0
AddVertex, 4,-3.5,-19,0,1,0
AddFace2,  0, 1, 2, 3
LoadTexture, bridge2e.png
SetEmissiveColor, 255,255,255
SetTextureCoordinates, 0, 0, 0
SetTextureCoordinates, 1, 1, 0
SetTextureCoordinates, 2, 1, 0.72
SetTextureCoordinates, 3, 0, 0.72
SetDecalTransparentColor, 0,0,255
translate,-4,-0.8,0

CreateMeshBuilder,
AddVertex, 9,-1.2,-10,0,1,0
AddVertex, 13,-1.2,-10,0,1,0
AddVertex, 13,-2.5,-10,0,1,0
AddVertex, 9,-2.5,-10,0,1,0
AddFace2,  0, 1, 2, 3
LoadTexture, bridge2a2.png
SetEmissiveColor, 255,255,255
SetTextureCoordinates, 0, 1, 0
SetTextureCoordinates, 1, 0, 0
SetTextureCoordinates, 2, 0, 1
SetTextureCoordinates, 3, 1, 1
SetDecalTransparentColor, 0,0,255
translate,-4,-0.8,0

CreateMeshBuilder,
AddVertex, 9,1.3,-19,0,1,0
AddVertex, 9,1.3,-10,0,1,0
AddVertex, 9,-7.0,-10,0,1,0
AddVertex, 9,-7.0,-19,0,1,0
AddFace2,  0, 1, 2, 3
LoadTexture, bridge2a.png
SetEmissiveColor, 255,255,255
SetTextureCoordinates, 0, 1, 0
SetTextureCoordinates, 1, 0, 0
SetTextureCoordinates, 2, 0, 1
SetTextureCoordinates, 3, 1, 1
SetDecalTransparentColor, 0,0,255
translate,-4,-0.8,0

CreateMeshBuilder,
AddVertex, 13,1.3,-19,0,1,0
AddVertex, 13,1.3,-10,0,1,0
AddVertex, 13,-7.0,-10,0,1,0
AddVertex, 13,-7.0,-19,0,1,0
AddFace2,  0, 1, 2, 3
LoadTexture, bridge2a.png
SetEmissiveColor, 255,255,255
SetTextureCoordinates, 0, 1, 0
SetTextureCoordinates, 1, 0, 0
SetTextureCoordinates, 2, 0, 1
SetTextureCoordinates, 3, 1, 1
SetDecalTransparentColor, 0,0,255
translate,-4,-0.8,0

CreateMeshBuilder,
AddVertex, 13,1.3,-24,0,1,0
AddVertex, 13,1.3,-19,0,1,0
AddVertex, 13,-4.0,-19,0,1,0
AddVertex, 13,-4.0,-24,0,1,0
AddFace2,  0, 1, 2, 3
LoadTexture, bridge2e.png
SetEmissiveColor, 255,255,255
SetTextureCoordinates, 0, 1, 0
SetTextureCoordinates, 1, 0, 0
SetTextureCoordinates, 2, 0, 0.75
SetTextureCoordinates, 3, 1, 0.75
SetDecalTransparentColor, 0,0,255
translate,-4,-0.8,0

CreateMeshBuilder,
AddVertex, 13.04,1.3,-24,0,1,0
AddVertex, -1.04,1.3,-24,0,1,0
AddVertex, -1.04,-3.5,-24,0,1,0
AddVertex, 13.04,-3.5,-24,0,1,0
AddFace, 0,1,2,3
LoadTexture, bridge2g.png
SetEmissiveColor, 255,255,255
SetTextureCoordinates, 0, 0, 0
SetTextureCoordinates, 1, 3, 0
SetTextureCoordinates, 2, 3, 0.73
SetTextureCoordinates, 3, 0, 0.73
SetDecalTransparentColor, 0,0,255
translate,-3.95,-0.8,0


;;Actual bridge side;;
CreateMeshBuilder,
AddVertex, -1,5.0,-10,0,1,0
AddVertex, -1,5.0,46,0,1,0
AddVertex, -1,0.8,46,0,1,0
AddVertex, -1,0.8,-10,0,1,0
AddFace2,  0, 1, 2, 3
LoadTexture, bridge2e.png
SetEmissiveColor, 255,255,255
SetTextureCoordinates, 0, 0, 0
SetTextureCoordinates, 1, 10, 0
SetTextureCoordinates, 2, 10, 0.73
SetTextureCoordinates, 3, 0, 0.73
SetDecalTransparentColor, 0,0,255
translate,-4,-0.8,0

CreateMeshBuilder,
AddVertex, -1.04,5.0,-10,0,1,0
AddVertex, -1.04,5.0,46,0,1,0
AddVertex, -1.04,0.8,46,0,1,0
AddVertex, -1.04,0.8,-10,0,1,0
AddFace, 0,1,2,3
LoadTexture, bridge2g.png
SetEmissiveColor, 255,255,255
SetTextureCoordinates, 0, 0, 0
SetTextureCoordinates, 1, 10, 0
SetTextureCoordinates, 2, 10, 0.73
SetTextureCoordinates, 3, 0, 0.73
SetDecalTransparentColor, 0,0,255
translate,-3.95,-0.8,0

CreateMeshBuilder,
AddVertex, -1,5.0,46,0,1,0
AddVertex, -4,5.0,75,0,1,0
AddVertex, -4,0.8,75,0,1,0
AddVertex, -1,0.8,46,0,1,0
AddFace2,  0, 1, 2, 3
LoadTexture, bridge2e.png
SetEmissiveColor, 255,255,255
SetTextureCoordinates, 0, 0, 0
SetTextureCoordinates, 1, 5, 0
SetTextureCoordinates, 2, 5, 0.73
SetTextureCoordinates, 3, 0, 0.73
SetDecalTransparentColor, 0,0,255
translate,-4,-0.8,0

CreateMeshBuilder,
AddVertex, -1.04,5.0,46,0,1,0
AddVertex, -4.04,5.0,75,0,1,0
AddVertex, -4.04,0.8,75,0,1,0
AddVertex, -1.04,0.8,46,0,1,0
AddFace, 0,1,2,3
LoadTexture, bridge2g.png
SetEmissiveColor, 255,255,255
SetTextureCoordinates, 0, 0, 0
SetTextureCoordinates, 1, 5, 0
SetTextureCoordinates, 2, 5, 0.73
SetTextureCoordinates, 3, 0, 0.73
SetDecalTransparentColor, 0,0,255
translate,-3.95,-0.8,0

CreateMeshBuilder,
AddVertex, 3.96,5.0,-10,0,1,0
AddVertex, 3.96,5.0,46,0,1,0
AddVertex, 3.96,0.8,46,0,1,0
AddVertex, 3.96,0.8,-10,0,1,0
AddFace, 3,2,1,0
LoadTexture, bridge2g.png
SetEmissiveColor, 255,255,255
SetTextureCoordinates, 0, 0, 0
SetTextureCoordinates, 1, 10, 0
SetTextureCoordinates, 2, 10, 0.73
SetTextureCoordinates, 3, 0, 0.73
SetDecalTransparentColor, 0,0,255
translate,-3.98,-0.8,0

CreateMeshBuilder,
AddVertex, 4,5.0,-10
AddVertex, 4,5.0,46
AddVertex, 4,0.8,46
AddVertex, 4,0.8,-10
AddFace2,  0, 1, 2, 3
SetEmissiveColor,255,255,255
LoadTexture, bridge2e.png
SetTextureCoordinates, 0, 0, 0
SetTextureCoordinates, 1, 10, 0
SetTextureCoordinates, 2, 10, 0.725
SetTextureCoordinates, 3, 0, 0.725
SetDecalTransparentColor, 0,0,255
translate,-4,-0.8,0

CreateMeshBuilder,
AddVertex, 3.96,5.0,49.9,0,1,0
AddVertex, 1.46,5.0,75,0,1,0
AddVertex, 1.46,0.8,75,0,1,0
AddVertex, 3.96,0.8,49.9,0,1,0
AddFace, 3,2,1,0
LoadTexture, bridge2g.png
SetEmissiveColor, 255,255,255
SetTextureCoordinates, 0, 0, 0
SetTextureCoordinates, 1, 4, 0
SetTextureCoordinates, 2, 4, 0.73
SetTextureCoordinates, 3, 0, 0.73
SetDecalTransparentColor, 0,0,255
translate,-3.98,-0.8,0

CreateMeshBuilder,
AddVertex, 4,5.0,49.9
AddVertex, 1.5,5.0,75
AddVertex, 1.5,0.8,75
AddVertex, 4,0.8,49.9
AddFace2,  0, 1, 2, 3
SetEmissiveColor,255,255,255
LoadTexture, bridge2e.png
SetTextureCoordinates, 0, 0, 0
SetTextureCoordinates, 1, 4, 0
SetTextureCoordinates, 2, 4, 0.725
SetTextureCoordinates, 3, 0, 0.725
SetDecalTransparentColor, 0,0,255
translate,-4,-0.8,0

;;bottom 3d;;

CreateMeshBuilder,
AddVertex, 4,0.8,-10
AddVertex, 4,0.8,50
AddVertex, 3.3,-0.4,50
AddVertex, 3.3,-0.4,-10
AddFace, 0,1,2,3
SetEmissiveColor,255,255,255
LoadTexture, bridge2e.png
SetTextureCoordinates, 0, 0, 0.725
SetTextureCoordinates, 1, 10, 0.725
SetTextureCoordinates, 2, 10, 0.915
SetTextureCoordinates, 3, 0, 0.915
translate,-4,-0.8,0

CreateMeshBuilder,
AddVertex, 3.3,-0.4,-10
AddVertex, 3.3,-0.4,50
AddVertex, -0.7,-0.4,50
AddVertex, -1.0,-0.4,-10
AddFace, 0,1,2,3
SetEmissiveColor,255,255,255
LoadTexture, bridge2e.png
SetTextureCoordinates, 0, 1, 0.915
SetTextureCoordinates, 1, 0, 0.915
SetTextureCoordinates, 2, 0, 1
SetTextureCoordinates, 3, 1, 1
translate,-4,-0.8,0

CreateMeshBuilder,
AddVertex, -1.0,0.8,-10
AddVertex, -1.0,0.8,50
AddVertex, -0.7,-0.4,50
AddVertex, -1.0,-0.4,-11
AddFace, 3,2,1,0
SetEmissiveColor,255,255,255
LoadTexture, bridge2e.png
SetTextureCoordinates, 0, 1, 0.725
SetTextureCoordinates, 1, 10, 0.725
SetTextureCoordinates, 2, 10, 0.915
SetTextureCoordinates, 3, 0.85, 0.915
translate,-4,-0.8,0

CreateMeshBuilder,
AddVertex, 4,0.8,50
AddVertex, 1.5,0.8,75
AddVertex, 0.8,-0.4,75
AddVertex, 3.3,-0.4,50
AddFace, 0,1,2,3
SetEmissiveColor,255,255,255
LoadTexture, bridge2e.png
SetTextureCoordinates, 0, 0, 0.725
SetTextureCoordinates, 1, 5, 0.725
SetTextureCoordinates, 2, 5, 0.915
SetTextureCoordinates, 3, 0, 0.915
translate,-4,-0.8,0

CreateMeshBuilder,
AddVertex, 3.3,-0.4,50
AddVertex, 0.8,-0.4,75
AddVertex, -3.3,-0.4,75
AddVertex, -0.7,-0.4,50
AddFace, 0,1,2,3
SetEmissiveColor,255,255,255
LoadTexture, bridge2e.png
SetTextureCoordinates, 0, 1, 0.915
SetTextureCoordinates, 1, 0, 0.915
SetTextureCoordinates, 2, 0, 1
SetTextureCoordinates, 3, 1, 1
translate,-4,-0.8,0

CreateMeshBuilder,
AddVertex, -1,0.8,50
AddVertex, -4.0,0.8,75
AddVertex, -3.3,-0.4,75
AddVertex, -0.7,-0.4,50
AddFace, 3,2,1,0
SetEmissiveColor,255,255,255
LoadTexture, bridge2e.png
SetTextureCoordinates, 0, 0, 0.725
SetTextureCoordinates, 1, 5, 0.725
SetTextureCoordinates, 2, 5, 0.915
SetTextureCoordinates, 3, 0, 0.915
translate,-4,-0.8,0

;;ground;;
CreateMeshBuilder,
AddVertex, 4,0.8,-10,0,1,0
AddVertex, 4,0.8,46,0,1,0
AddVertex, -1,0.8,46,0,1,0
AddVertex, -1,0.8,-10,0,1,0
SetEmissiveColor, 255,255,255
AddFace2,  0, 1, 2, 3
LoadTexture, Bridge1b.png
SetTextureCoordinates, 0, 0, 0
SetTextureCoordinates, 1, 0, 17
SetTextureCoordinates, 2, 1, 17
SetTextureCoordinates, 3, 1, 0
SetDecalTransparentColor, 0,0,0
translate,-4,-0.8,0

CreateMeshBuilder,
AddVertex, 4,0.8,46,0,1,0
AddVertex, 1.5,0.8,75,0,1,0
AddVertex, -4,0.8,75,0,1,0
AddVertex, -1,0.8,46,0,1,0
SetEmissiveColor, 255,255,255
AddFace2,  0, 1, 2, 3
LoadTexture, Bridge1b.png
SetTextureCoordinates, 0, 0, 0
SetTextureCoordinates, 1, 0, 5
SetTextureCoordinates, 2, 1, 5
SetTextureCoordinates, 3, 1, 0
SetDecalTransparentColor, 0,0,0
translate,-4,-0.8,0

CreateMeshBuilder,
AddVertex, 60,-3.9,46,0,1,0
AddVertex, 60,-3.9,50,0,1,0
AddVertex, 4,0.8,50,0,1,0
AddVertex, 4,0.8,46,0,1,0
SetEmissiveColor, 255,255,255
AddFace2,  0, 1, 2, 3
LoadTexture, Bridge1b.png
SetTextureCoordinates, 0, 0, 0
SetTextureCoordinates, 1, 0, 1
SetTextureCoordinates, 2, 7, 1
SetTextureCoordinates, 3, 7, 0
SetDecalTransparentColor, 0,0,0
translate,-4,-0.8,0

CreateMeshBuilder,
AddVertex, 66,-3.9,46,0,1,0
AddVertex, 66,-3.9,57,0,1,0
AddVertex, 60,-3.9,57,0,1,0
AddVertex, 60,-3.9,46,0,1,0
SetEmissiveColor, 255,255,255
AddFace2,  0, 1, 2, 3
LoadTexture, Bridge1b.png
SetTextureCoordinates, 0, 0, 0
SetTextureCoordinates, 1, 0, 3
SetTextureCoordinates, 2, 0.85, 3
SetTextureCoordinates, 3, 0.85, 0
SetDecalTransparentColor, 0,0,0
translate,-4,-0.8,0

CreateMeshBuilder,
AddVertex, 60,-3.9,54,0,1,0
AddVertex, 60,-3.9,57,0,1,0
AddVertex, 8,-6.9,57,0,1,0
AddVertex, 8,-6.9,54,0,1,0
SetEmissiveColor, 255,255,255
AddFace2,  0, 1, 2, 3
LoadTexture, Bridge1b.png
SetTextureCoordinates, 0, 0, 0
SetTextureCoordinates, 1, 0, 1
SetTextureCoordinates, 2, 2, 1
SetTextureCoordinates, 3, 2, 0
SetDecalTransparentColor, 0,0,0
translate,-4,-0.8,0

CreateMeshBuilder,
AddVertex, 60,-3.8,54,0,1,0
AddVertex, 60,-3.8,57,0,1,0
AddVertex, 8,-7.1,57,0,1,0
AddVertex, 8,-7.1,54,0,1,0
SetEmissiveColor, 255,255,255
AddFace2,  0, 1, 2, 3
LoadTexture, Bridge2e.png
SetTextureCoordinates, 0, 0, 0.93
SetTextureCoordinates, 1, 0, 1
SetTextureCoordinates, 2, 1, 1
SetTextureCoordinates, 3, 1, 0.93
translate,-4,-1.1,0

CreateMeshBuilder,
AddVertex, 66,-3.8,46,0,1,0
AddVertex, 66,-3.8,57,0,1,0
AddVertex, 60,-3.8,57,0,1,0
AddVertex, 60,-3.8,46,0,1,0
SetEmissiveColor, 255,255,255
AddFace2,  0, 1, 2, 3
LoadTexture, Bridge2e.png
SetTextureCoordinates, 0, 0, 0.8
SetTextureCoordinates, 1, 1, 0.8
SetTextureCoordinates, 2, 1, 1
SetTextureCoordinates, 3, 0, 1
translate,-4,-1.1,0

CreateMeshBuilder,
AddVertex, 5,1.0,46,0,1,0
AddVertex, 5,1.0,50,0,1,0
AddVertex, 60,-3.8,50,0,1,0
AddVertex, 60,-3.8,46,0,1,0
SetEmissiveColor, 255,255,255
AddFace2,  0, 1, 2, 3
LoadTexture, Bridge2e.png
SetTextureCoordinates, 0, 0, 0.93
SetTextureCoordinates, 1, 0, 1
SetTextureCoordinates, 2, 1, 1
SetTextureCoordinates, 3, 1, 0.93
translate,-4,-1.1,0

;;right stairs;;
CreateMeshBuilder,
AddVertex, 70,-4.8,54,0,1,0
AddVertex, 70,-4.8,57,0,1,0
AddVertex, 66,-3.9,57,0,1,0
AddVertex, 66,-3.9,54,0,1,0
SetEmissiveColor, 255,255,255
AddFace2,  0, 1, 2, 3
LoadTexture, Bridge2a1.png
SetTextureCoordinates, 0, 0, 0
SetTextureCoordinates, 1, 1, 0
SetTextureCoordinates, 2, 1, 4
SetTextureCoordinates, 3, 0, 4
translate,-4,-0.8,0

CreateMeshBuilder,
AddVertex, 72,-4.8,54,0,1,0
AddVertex, 72,-4.8,57,0,1,0
AddVertex, 70,-4.8,57,0,1,0
AddVertex, 70,-4.8,54,0,1,0
SetEmissiveColor, 255,255,255
AddFace2,  0, 1, 2, 3
LoadTexture, Bridge2a1.png
SetTextureCoordinates, 0, 0, 0
SetTextureCoordinates, 1, 1, 0
SetTextureCoordinates, 2, 1, 0.5
SetTextureCoordinates, 3, 0, 0.5
translate,-4,-0.8,0

CreateMeshBuilder,
AddVertex, 76.3,-7.4,54,0,1,0
AddVertex, 76.3,-7.4,57,0,1,0
AddVertex, 72,-4.8,57,0,1,0
AddVertex, 72,-4.8,54,0,1,0
SetEmissiveColor, 255,255,255
AddFace2,  0, 1, 2, 3
LoadTexture, Bridge2a1.png
SetTextureCoordinates, 0, 0, 0
SetTextureCoordinates, 1, 1, 0
SetTextureCoordinates, 2, 1, 6
SetTextureCoordinates, 3, 0, 6
translate,-4,-0.8,0
;;

;;ceiling;;
CreateMeshBuilder,
AddVertex, -1,1.4,-19,0,1,0
AddVertex, -1,4.51,-10,0,1,0
AddVertex, 4,4.51,-10,0,1,0
AddVertex, 4,1.25,-19,0,1,0
SetEmissiveColor, 255,255,255
AddFace2,  0, 1, 2, 3
LoadTexture, Bridge2f.png
SetTextureCoordinates, 0, 0, 0
SetTextureCoordinates, 1, 2, 0
SetTextureCoordinates, 2, 2, 1
SetTextureCoordinates, 3, 0, 1
translate,-4,-0.8,0

CreateMeshBuilder,
AddVertex, -1,1.2,-24,0,1,0
AddVertex, -1,1.4,-19,0,1,0
AddVertex, 13,1,-19,0,1,0
AddVertex, 13,1,-24,0,1,0
SetEmissiveColor, 255,255,255
AddFace2,  0, 1, 2, 3
LoadTexture, Bridge2f.png
SetTextureCoordinates, 0, 0, 0
SetTextureCoordinates, 1, 0, 3
SetTextureCoordinates, 2, 1, 3
SetTextureCoordinates, 3, 1, 0
translate,-4,-0.8,0

CreateMeshBuilder,
AddVertex, 9,1.15,-19,0,1,0
AddVertex, 9,1.15,-16,0,1,0
AddVertex, 13,1,-16,0,1,0
AddVertex, 13,1,-19,0,1,0
SetEmissiveColor, 255,255,255
AddFace2,  0, 1, 2, 3
LoadTexture, Bridge2f.png
SetTextureCoordinates, 0, 0, 0
SetTextureCoordinates, 1, 1, 0
SetTextureCoordinates, 2, 1, 1
SetTextureCoordinates, 3, 0, 1
translate,-4,-0.8,0

CreateMeshBuilder,
AddVertex, 9,1.15,-16,0,1,0
AddVertex, 9,-2.15,-10,0,1,0
AddVertex, 13,-2,-10,0,1,0
AddVertex, 13,1,-16,0,1,0
SetEmissiveColor, 255,255,255
AddFace2,  0, 1, 2, 3
LoadTexture, Bridge2a3.png
SetTextureCoordinates, 0, 1, 0
SetTextureCoordinates, 1, 1, 1
SetTextureCoordinates, 2, 0, 1
SetTextureCoordinates, 3, 0, 0
translate,-4,-0.6,0

CreateMeshBuilder,
AddVertex, 9,1.15,-16,0,1,0
AddVertex, 9,-2.15,-10,0,1,0
AddVertex, 13,-2,-10,0,1,0
AddVertex, 13,1,-16,0,1,0
SetEmissiveColor, 255,255,255
AddFace2,  0, 1, 2, 3
LoadTexture, Bridge2f.png
SetTextureCoordinates, 0, 0, 0
SetTextureCoordinates, 1, 1, 0
SetTextureCoordinates, 2, 1, 1
SetTextureCoordinates, 3, 0, 1
translate,-4,-0.8,0

CreateMeshBuilder,
AddVertex, -1,-2.8,-24,0,1,0
AddVertex, -1,-2.8,-19,0,1,0
AddVertex, 4,-2.8,-19,0,1,0
AddVertex, 4,-2.8,-24,0,1,0
SetEmissiveColor, 255,255,255
AddFace2,  0, 1, 2, 3
LoadTexture, Bridge1b.png
SetTextureCoordinates, 0, 0, 0
SetTextureCoordinates, 1, 0, 6
SetTextureCoordinates, 2, 1, 6
SetTextureCoordinates, 3, 1, 0
translate,-4,-0.8,0

CreateMeshBuilder,
AddVertex, 4,-2.8,-24,0,1,0
AddVertex, 4,-2.8,-19,0,1,0
AddVertex, 9,-3.2,-19,0,1,0
AddVertex, 9,-3.2,-24,0,1,0
SetEmissiveColor, 255,255,255
AddFace2,  0, 1, 2, 3
LoadTexture, Bridge1b.png
SetTextureCoordinates, 0, 0, 0
SetTextureCoordinates, 1, 0, 6
SetTextureCoordinates, 2, 1, 6
SetTextureCoordinates, 3, 1, 0
translate,-4,-0.8,0

CreateMeshBuilder,
AddVertex, 9,-3.2,-24,0,1,0
AddVertex, 9,-3.2,-19,0,1,0
AddVertex, 13,-3.2,-19,0,1,0
AddVertex, 13,-3.2,-24,0,1,0
SetEmissiveColor, 255,255,255
AddFace2,  0, 1, 2, 3
LoadTexture, Bridge1b.png
SetTextureCoordinates, 0, 0, 0
SetTextureCoordinates, 1, 0, 6
SetTextureCoordinates, 2, 1, 6
SetTextureCoordinates, 3, 1, 0
translate,-4,-0.8,0

CreateMeshBuilder,
AddVertex, -1,-2.8,-19,0,1,0
AddVertex, -1,0.7,-12.3,0,1,0
AddVertex, 4,0.5,-12.3,0,1,0
AddVertex, 4,-2.8,-19,0,1,0
SetEmissiveColor, 255,255,255
AddFace2,  0, 1, 2, 3
LoadTexture, Bridge1b.png
SetTextureCoordinates, 0, 0, 0
SetTextureCoordinates, 1, 0, 6
SetTextureCoordinates, 2, 1, 6
SetTextureCoordinates, 3, 1, 0
translate,-4,-0.8,0

CreateMeshBuilder,
AddVertex, -1,0.7,-12.3,0,1,0
AddVertex, -1,0.8,-10,0,1,0
AddVertex, 4,0.8,-10,0,1,0
AddVertex, 4,0.5,-12.3,0,1,0
SetEmissiveColor, 255,255,255
AddFace2,  0, 1, 2, 3
LoadTexture, Bridge1b.png
SetTextureCoordinates, 0, 0, 0
SetTextureCoordinates, 1, 0, 1
SetTextureCoordinates, 2, 1, 1
SetTextureCoordinates, 3, 1, 0
translate,-4,-0.8,0

CreateMeshBuilder,
AddVertex, 9,-3.2,-19,0,1,0
AddVertex, 9,-4,-16,0,1,0
AddVertex, 13,-4,-16,0,1,0
AddVertex, 13,-3.2,-19,0,1,0
SetEmissiveColor, 255,255,255
AddFace2,  0, 1, 2, 3
LoadTexture, Bridge1b.png
SetTextureCoordinates, 0, 0, 0
SetTextureCoordinates, 1, 0, 6
SetTextureCoordinates, 2, 1, 6
SetTextureCoordinates, 3, 1, 0
translate,-4,-0.8,0

CreateMeshBuilder,
AddVertex, 9,-4.0,-16,0,1,0
AddVertex, 9,-7,-11,0,1,0
AddVertex, 13,-7,-11,0,1,0
AddVertex, 13,-4.0,-16,0,1,0
SetEmissiveColor, 255,255,255
AddFace2,  0, 1, 2, 3
LoadTexture, Bridge2a1.png
SetTextureCoordinates, 0, 0, 0
SetTextureCoordinates, 1, 0, 6
SetTextureCoordinates, 2, 1, 6
SetTextureCoordinates, 3, 1, 0
translate,-4,-0.8,0

CreateMeshBuilder,
AddVertex, -1,4.51,-10,0,1,0
AddVertex, -1,4.51,46,0,1,0
AddVertex, 4,4.51,46,0,1,0
AddVertex, 4,4.51,-10,0,1,0
SetEmissiveColor, 255,255,255
AddFace2,  0, 1, 2, 3
LoadTexture, Bridge2f.png
SetTextureCoordinates, 0, 0, 0
SetTextureCoordinates, 1, 6, 0
SetTextureCoordinates, 2, 6, 1
SetTextureCoordinates, 3, 0, 1
translate,-4,-0.8,0

CreateMeshBuilder,
AddVertex, -1,4.51,46,0,1,0
AddVertex, -4,4.51,75,0,1,0
AddVertex, 1.5,4.51,75,0,1,0
AddVertex, 4,4.51,46,0,1,0
SetEmissiveColor, 255,255,255
AddFace2,  0, 1, 2, 3
LoadTexture, Bridge2f.png
SetTextureCoordinates, 0, 0, 0
SetTextureCoordinates, 1, 3, 0
SetTextureCoordinates, 2, 3, 1
SetTextureCoordinates, 3, 0, 1
translate,-4,-0.8,0

CreateMeshBuilder,
AddVertex, 3.5,4.53,46,0,1,0
AddVertex, 3.5,4.53,50,0,1,0
AddVertex, 60,0,50,0,1,0
AddVertex, 60,0,46,0,1,0
SetEmissiveColor, 255,255,255
AddFace2,  0, 1, 2, 3
LoadTexture, Bridge2f.png
SetTextureCoordinates, 0, 6, 0
SetTextureCoordinates, 1, 6, 1
SetTextureCoordinates, 2, 0, 1
SetTextureCoordinates, 3, 0, 0
translate,-4,-0.8,0

CreateMeshBuilder,
AddVertex, 60,0,46,0,1,0
AddVertex, 60,0,57,0,1,0
AddVertex, 66,0,57,0,1,0
AddVertex, 66,0,46,0,1,0
SetEmissiveColor, 255,255,255
AddFace2,  0, 1, 2, 3
LoadTexture, Bridge2f.png
SetTextureCoordinates, 0, 0, 0
SetTextureCoordinates, 1, 2, 0
SetTextureCoordinates, 2, 2, 1
SetTextureCoordinates, 3, 0, 1
translate,-4,-0.8,0

CreateMeshBuilder,
AddVertex, 4,4.51,46,0,1,0
AddVertex, 4,4.51,50,0,1,0
AddVertex, 60,0,50,0,1,0
AddVertex, 60,0,46,0,1,0
SetEmissiveColor, 255,255,255
AddFace2,  0, 1, 2, 3
LoadTexture, Bridge2a3.png
SetTextureCoordinates, 0, 0, 0
SetTextureCoordinates, 1, 0.5, 0
SetTextureCoordinates, 2, 0.5, 4
SetTextureCoordinates, 3, 0, 4
translate,-4,-0.3,0

CreateMeshBuilder,
AddVertex, -1,4.51,-10,0,1,0
AddVertex, -1,4.51,50,0,1,0
AddVertex, 4,4.51,50,0,1,0
AddVertex, 4,4.51,-10,0,1,0
AddFace2,  0, 1, 2, 3
LoadTexture, Bridge2a3.png
SetTextureCoordinates, 0, 0, 0
SetTextureCoordinates, 1, 0, 6
SetTextureCoordinates, 2, 0.5, 6
SetTextureCoordinates, 3, 0.5, 0
translate,-4,-0.3,0

CreateMeshBuilder,
AddVertex, -1,4.52,45,0,1,0
AddVertex, -4,4.52,75,0,1,0
AddVertex, 1.5,4.52,75,0,1,0
AddVertex, 4,4.52,45,0,1,0
AddFace2,  0, 1, 2, 3
LoadTexture, Bridge2a3.png
SetTextureCoordinates, 0, 0, 0.5
SetTextureCoordinates, 1, 0, 3.5
SetTextureCoordinates, 2, 0.5, 3.5
SetTextureCoordinates, 3, 0.5, 0.5
translate,-4,-0.3,0

CreateMeshBuilder,
AddVertex, -1,4.25,-12.5,0,1,0
AddVertex, -1,4.51,-10,0,1,0
AddVertex, 4,4.51,-10,0,1,0
AddVertex, 4,4.21,-12.5,0,1,0
SetEmissiveColor, 255,255,255
AddFace, 0,1,2,3
LoadTexture, Bridge2a3.png
SetTextureCoordinates, 0, 0, 0.7
SetTextureCoordinates, 1, 0, 1
SetTextureCoordinates, 2, 0.5, 1
SetTextureCoordinates, 3, 0.5, 0.7
translate,-4,-0.3,0

CreateMeshBuilder,
AddVertex, -50,0,-14.3,0,1,0
AddVertex, -50,0,-9.3,0,1,0
AddVertex, -1,4.51,-10,0,1,0
AddVertex, -1,4,-15,0,1,0
AddFace, 0,1,2,3
LoadTexture, Bridge2a3.png
SetTextureCoordinates, 0, 0.49, 0
SetTextureCoordinates, 1, 0, 0
SetTextureCoordinates, 2, 0, 3
SetTextureCoordinates, 3, 0.49, 3
translate,-4,-0.3,0

CreateMeshBuilder,
AddVertex, -50,-1.0,-14.3,0,1,0
AddVertex, -50,-1.0,-9.3,0,1,0
AddVertex, -50,0.32,-9.3,0,1,0
AddVertex, -50,0.32,-14.3,0,1,0
AddFace, 0,1,2,3
SetColor,252,183,170
LoadTexture, Bridge2a2.png
SetTextureCoordinates, 0, 0, 1
SetTextureCoordinates, 1, 1, 1
SetTextureCoordinates, 2, 1, 0
SetTextureCoordinates, 3, 0, 0
SetDecalTransparentColor,0,0,255
translate,-4,-0.3,0

CreateMeshBuilder,
AddVertex, 60,0,46,0,1,0
AddVertex, 60,0,57,0,1,0
AddVertex, 66,0,57,0,1,0
AddVertex, 66,0,46,0,1,0
SetEmissiveColor, 255,255,255
AddFace2,  0, 1, 2, 3
LoadTexture, Bridge2a3.png
SetTextureCoordinates, 0, 0, 0
SetTextureCoordinates, 1, 0.5, 0
SetTextureCoordinates, 2, 0.5, 0.25
SetTextureCoordinates, 3, 0, 0.25
translate,-4,-0.3,0

CreateMeshBuilder,
AddVertex, 8,-3.2,54,0,1,0
AddVertex, 8,-3.2,57,0,1,0
AddVertex, 60,0,57,0,1,0
AddVertex, 60,0,54,0,1,0
AddFace2,  0, 1, 2, 3
LoadTexture, Bridge2a3.png
SetTextureCoordinates, 0, 0, 0
SetTextureCoordinates, 1, 0.5, 0
SetTextureCoordinates, 2, 0.5, 3
SetTextureCoordinates, 3, 0, 3
translate,-4,-0.3,0

CreateMeshBuilder,
AddVertex, 8,-4.2,54,0,1,0
AddVertex, 8,-4.2,57,0,1,0
AddVertex, 8,-2.86,57,0,1,0
AddVertex, 8,-2.86,54,0,1,0
AddFace2,  0, 1, 2, 3
SetColor,120,105,105
LoadTexture, Bridge2a2.png
SetTextureCoordinates, 0, 0, 1
SetTextureCoordinates, 1, 1, 1
SetTextureCoordinates, 2, 1, 0
SetTextureCoordinates, 3, 0, 0
SetDecalTransparentColor,0,0,255
translate,-4,-0.3,0

CreateMeshBuilder,
AddVertex, 66,0,54,0,1,0
AddVertex, 66,0,57,0,1,0
AddVertex, 70,-1.35,57,0,1,0
AddVertex, 70,-1.35,54,0,1,0
SetEmissiveColor, 255,255,255
AddFace2,  0, 1, 2, 3
LoadTexture, Bridge2a3.png
SetTextureCoordinates, 0, 0, 0
SetTextureCoordinates, 1, 0.5, 0
SetTextureCoordinates, 2, 0.5, 0.5
SetTextureCoordinates, 3, 0, 0.5
translate,-4,-0.3,0

CreateMeshBuilder,
AddVertex, 70,-1.35,54,0,1,0
AddVertex, 70,-1.35,57,0,1,0
AddVertex, 72.5,-1.35,57,0,1,0
AddVertex, 72.5,-1.35,54,0,1,0
SetEmissiveColor, 255,255,255
AddFace2,  0, 1, 2, 3
LoadTexture, Bridge2a3.png
SetTextureCoordinates, 0, 0, 0
SetTextureCoordinates, 1, 0.5, 0
SetTextureCoordinates, 2, 0.5, 0.3
SetTextureCoordinates, 3, 0, 0.3
translate,-4,-0.3,0

CreateMeshBuilder,
AddVertex, 72.5,-1.35,54,0,1,0
AddVertex, 72.5,-1.35,57,0,1,0
AddVertex, 76.25,-3.4,57,0,1,0
AddVertex, 76.25,-3.4,54,0,1,0
SetEmissiveColor, 255,255,255
AddFace2,  0, 1, 2, 3
LoadTexture, Bridge2a3.png
SetTextureCoordinates, 0, 0, 0
SetTextureCoordinates, 1, 0.5, 0
SetTextureCoordinates, 2, 0.5, 0.7
SetTextureCoordinates, 3, 0, 0.7
translate,-4,-0.3,0

CreateMeshBuilder,
AddVertex, 76.25,-3.4,54,0,1,0
AddVertex, 76.25,-3.4,57,0,1,0
AddVertex, 77,-3.4,57,0,1,0
AddVertex, 77,-3.4,54,0,1,0
SetEmissiveColor, 255,255,255
AddFace2,  0, 1, 2, 3
LoadTexture, Bridge2a3.png
SetTextureCoordinates, 0, 0, 0
SetTextureCoordinates, 1, 0.5, 0
SetTextureCoordinates, 2, 0.5, 0.3
SetTextureCoordinates, 3, 0, 0.3
translate,-4,-0.3,0
;;

CreateMeshBuilder,
AddVertex, 6.0,-6.5,61
AddVertex, 6.0,-6.2,-12.5
AddVertex, 1.0,-6.2,-12.5
AddVertex, 1.0,-6.5,61
AddFace2,  0, 1, 2, 3
LoadTexture, ..\..\Shared_Assets\gradient.png
SetEmissiveColor, 255,255,255
SetTextureCoordinates, 0, 0, 0
SetTextureCoordinates, 1, 1, 0
SetTextureCoordinates, 2, 1, 0.5
SetTextureCoordinates, 3, 0, 0.5
Translate, -2,-1.65,0

;;shadows at middle;;
CreateMeshBuilder,
AddVertex, 1.0,-6.5,61
AddVertex, 1.0,-6.3,-12.5
AddVertex, -3.0,-6.3,-12.5
AddVertex, -3.0,-6.5,61
AddVertex, 1.0,-5.64,32.2
AddVertex, 1.0,-6.46,31.18
AddVertex, -3.0,-6.46,31.18
AddVertex, -3.0,-5.64,32.2
AddVertex, 1.0,-5.64,35
AddVertex, 1.0,-5.64,32.2
AddVertex, -3.0,-5.64,32.2
AddVertex, -3.0,-5.64,35
AddVertex, 1.0,-6.45,36.01
AddVertex, 1.0,-5.64,35
AddVertex, -3.0,-5.64,35
AddVertex, -3.0,-6.45,36.01
AddFace2, 4,5,6,7
AddFace2, 8,9,10,11
AddFace2, 12,13,14,15
LoadTexture, ..\..\Shared_Assets\gradient.png
SetEmissiveColor, 255,255,255
SetTextureCoordinates, 4, 0, 0
SetTextureCoordinates, 5, 1, 0
SetTextureCoordinates, 6, 1, 0.5
SetTextureCoordinates, 7, 0, 0.5
SetTextureCoordinates, 8, 0, 0
SetTextureCoordinates, 9, 1, 0
SetTextureCoordinates, 10, 1, 0.5
SetTextureCoordinates, 11, 0, 0.5
SetTextureCoordinates, 12, 0, 0
SetTextureCoordinates, 13, 1, 0
SetTextureCoordinates, 14, 1, 0.5
SetTextureCoordinates, 15, 0, 0.5
SetDecalTransparentColor,255,255,255
Translate, 2,-1.5,0

CreateMeshBuilder,
AddVertex, 1.0,-6.65,61
AddVertex, 1.0,-6.35,-12.5
AddVertex, -3.0,-6.35,-12.5
AddVertex, -3.0,-6.65,61
AddVertex, 1.0,-5.64,32.2
AddVertex, 1.0,-6.46,31.18
AddVertex, -3.0,-6.46,31.18
AddVertex, -3.0,-5.64,32.2
AddVertex, 1.0,-5.64,35
AddVertex, 1.0,-5.64,32.2
AddVertex, -3.0,-5.64,32.2
AddVertex, -3.0,-5.64,35
AddVertex, 1.0,-6.45,36.01
AddVertex, 1.0,-5.64,35
AddVertex, -3.0,-5.64,35
AddVertex, -3.0,-6.45,36.01
AddFace2,  0, 1, 2, 3
AddFace2, 4,5,6,7
AddFace2, 8,9,10,11
AddFace2, 12,13,14,15
LoadTexture, ..\..\Shared_Assets\gradient.png
SetEmissiveColor, 255,255,255
SetTextureCoordinates, 0, 0, 0.5
SetTextureCoordinates, 1, 1, 0.5
SetTextureCoordinates, 2, 1, 0.5
SetTextureCoordinates, 3, 0, 0.5
SetTextureCoordinates, 4, 0, 0.5
SetTextureCoordinates, 5, 1, 0.5
SetTextureCoordinates, 6, 1, 0.5
SetTextureCoordinates, 7, 0, 0.5
SetTextureCoordinates, 8, 0, 0.5
SetTextureCoordinates, 9, 1, 0.5
SetTextureCoordinates, 10, 1, 0.5
SetTextureCoordinates, 11, 0, 0.5
SetTextureCoordinates, 12, 0, 0.5
SetTextureCoordinates, 13, 1, 0.5
SetTextureCoordinates, 14, 1, 0.5
SetTextureCoordinates, 15, 0, 0.5
SetDecalTransparentColor,255,255,255
Translate, -2,-1.5,0

CreateMeshBuilder,
AddVertex, 1.0,-6.6,61
AddVertex, 1.0,-6.3,-12.5
AddVertex, -3.0,-6.3,-12.5
AddVertex, -3.0,-6.6,61
AddVertex, 1.0,-5.64,32.2
AddVertex, 1.0,-6.46,31.18
AddVertex, -3.0,-6.46,31.18
AddVertex, -3.0,-5.64,32.2
AddVertex, 1.0,-5.64,35
AddVertex, 1.0,-5.64,32.2
AddVertex, -3.0,-5.64,32.2
AddVertex, -3.0,-5.64,35
AddVertex, 1.0,-6.45,36.01
AddVertex, 1.0,-5.64,35
AddVertex, -3.0,-5.64,35
AddVertex, -3.0,-6.45,36.01
AddFace2, 4,5,6,7
AddFace2, 8,9,10,11
AddFace2, 12,13,14,15
LoadTexture, ..\..\Shared_Assets\gradient.png
SetEmissiveColor, 255,255,255
SetTextureCoordinates, 4, 0, 0.5
SetTextureCoordinates, 5, 1, 0.5
SetTextureCoordinates, 6, 1, 0
SetTextureCoordinates, 7, 0, 0
SetTextureCoordinates, 8, 0, 0.5
SetTextureCoordinates, 9, 1, 0.5
SetTextureCoordinates, 10, 1, 0
SetTextureCoordinates, 11, 0, 0
SetTextureCoordinates, 12, 0, 0.5
SetTextureCoordinates, 13, 1, 0.5
SetTextureCoordinates, 14, 1, 0
SetTextureCoordinates, 15, 0, 0
SetDecalTransparentColor,255,255,255
Translate, -6,-1.5,0

CreateMeshBuilder,
AddVertex, -3.0,-6.5,61
AddVertex, -3.0,-6.2,-12.5
AddVertex, -8.5,-6.2,-12.5
AddVertex, -8.5,-6.5,61
AddFace, 0,1,2,3
LoadTexture, ..\..\Shared_Assets\gradient.png
SetEmissiveColor, 255,255,255
SetTextureCoordinates, 0, 0, 0.5
SetTextureCoordinates, 1, 1, 0.5
SetTextureCoordinates, 2, 1, 0
SetTextureCoordinates, 3, 0, 0
SetDecalTransparentColor,255,255,255
Translate, -2,-1.65,0

;;lrt station ends;;
;;topping;;
CreateMeshBuilder,
AddVertex, 25,-4.53,20.5,0,1,0
AddVertex, 25,-4.53,22.8,0,1,0
AddVertex, 25,-5.45,22.8,0,1,0
AddVertex, 25,-5.45,20.5,1,0
AddFace2,  0, 1, 2, 3
LoadTexture, bridge2a2.png
SetEmissiveColor, 255,255,255
SetTextureCoordinates, 0, 0, 0
SetTextureCoordinates, 1, 1, 0
SetTextureCoordinates, 2, 1, 1
SetTextureCoordinates, 3, 0, 1
SetDecalTransparentColor, 0,0,255

CreateMeshBuilder,
AddVertex, 24.6,-4.8,20.5,0,1,0
AddVertex, 24.6,-4.6,21.75,0,1,0
AddVertex, 25,-4.6,21.75,0,1,0
AddVertex, 25,-4.85,20.5,1,0
AddVertex, 24.6,-4.6,21.7,0,1,0
AddVertex, 24.6,-4.8,22.8,0,1,0
AddVertex, 25,-4.8,22.8,0,1,0
AddVertex, 25,-4.6,21.75,1,0
AddFace2,  0, 1, 2, 3
AddFace2, 4,5,6,7
LoadTexture, bridge2a3.png
SetEmissiveColor, 255,255,255
SetTextureCoordinates, 0, 0, 0.9
SetTextureCoordinates, 1, 0.5, 0.9
SetTextureCoordinates, 2, 0.5, 1
SetTextureCoordinates, 3, 0, 1
SetTextureCoordinates, 4, 0.5, 0.9
SetTextureCoordinates, 5, 1, 0.9
SetTextureCoordinates, 6, 1, 1
SetTextureCoordinates, 7, 0.5, 1
SetDecalTransparentColor, 0,0,255

CreateMeshBuilder,
AddVertex, 21.7,-3.1,20.5,0,1,0
AddVertex, 21.7,-2.9,21.75,0,1,0
AddVertex, 24.6,-4.6,21.75,0,1,0
AddVertex, 24.6,-4.8,20.5,1,0
AddFace2,  0, 1, 2, 3
LoadTexture, bridge2a3.png
SetEmissiveColor, 255,255,255
SetTextureCoordinates, 0, 0, 0
SetTextureCoordinates, 1, 0.5, 0
SetTextureCoordinates, 2, 0.5, 0.9
SetTextureCoordinates, 3, 0, 0.9
SetDecalTransparentColor, 0,0,255

CreateMeshBuilder,
AddVertex, 21.7,-2.9,21.75,0,1,0
AddVertex, 21.7,-3.1,22.8,0,1,0
AddVertex, 24.6,-4.8,22.8,0,1,0
AddVertex, 24.6,-4.6,21.75,1,0
AddFace2,  0, 1, 2, 3
LoadTexture, bridge2a3.png
SetEmissiveColor, 255,255,255
SetTextureCoordinates, 0, 0.5, 0
SetTextureCoordinates, 1, 1, 0
SetTextureCoordinates, 2, 1, 0.9
SetTextureCoordinates, 3, 0.5, 0.9
SetDecalTransparentColor, 0,0,255

CreateMeshBuilder,
AddVertex, 20.0,-3.1,20.5,
AddVertex, 20.0,-2.9,21.75,
AddVertex, 21.7,-2.9,21.75,
AddVertex, 21.7,-3.1,20.5,
AddVertex, 20.0,-2.9,21.75,
AddVertex, 20.0,-3.1,22.8
AddVertex, 21.7,-3.1,22.8
AddVertex, 21.7,-2.9,21.75,
AddFace2,  0, 1, 2, 3
AddFace2, 4,5,6,7
LoadTexture, bridge2a3.png
SetEmissiveColor, 255,255,255
SetTextureCoordinates, 0, 0, 0
SetTextureCoordinates, 1, 0.5, 0
SetTextureCoordinates, 2, 0.5, 0.3
SetTextureCoordinates, 3, 0, 0.3
SetTextureCoordinates, 4, 0.5, 0
SetTextureCoordinates, 5, 1, 0
SetTextureCoordinates, 6, 1, 0.3
SetTextureCoordinates, 7, 0.5, 0.3
SetDecalTransparentColor, 0,0,255

CreateMeshBuilder,
AddVertex, 15.7,-1.0,20.5,
AddVertex, 15.7,-0.8,21.75,
AddVertex, 20.0,-2.9,21.75,
AddVertex, 20.0,-3.1,20.5,
AddVertex, 15.7,-0.8,21.75,
AddVertex, 15.7,-1.0,22.8,
AddVertex, 20.0,-3.1,22.8,
AddVertex, 20.0,-2.9,21.75,
AddFace2,  0, 1, 2, 3
AddFace2, 4,5,6,7
LoadTexture, bridge2a3.png
SetEmissiveColor, 255,255,255
SetTextureCoordinates, 0, 0, 0
SetTextureCoordinates, 1, 0.5, 0
SetTextureCoordinates, 2, 0.5, 1
SetTextureCoordinates, 3, 0, 1
SetTextureCoordinates, 4, 0.5, 0
SetTextureCoordinates, 5, 1, 0
SetTextureCoordinates, 6, 1, 1
SetTextureCoordinates, 7, 0.5, 1
SetDecalTransparentColor, 0,0,255

CreateMeshBuilder,
AddVertex, 13.5, -1.0, 20.5,
AddVertex, 13.5, -0.8, 21.75,
AddVertex, 15.7, -0.8, 21.75,
AddVertex, 15.7, -1.0, 20.5,
AddVertex, 13.5, -0.8, 21.75,
AddVertex, 13.5, -1.0, 22.8,
AddVertex, 15.7, -1.0, 22.8,
AddVertex, 15.7, -0.8, 21.75,
AddFace2,  0, 1, 2, 3
AddFace2, 4,5,6,7
LoadTexture, bridge2a3.png
SetEmissiveColor, 255,255,255
SetTextureCoordinates, 0, 0, 0.8
SetTextureCoordinates, 1, 0.5, 0.8
SetTextureCoordinates, 2, 0.5, 0.5
SetTextureCoordinates, 3, 0, 0.5
SetTextureCoordinates, 4, 0.5, 0.8
SetTextureCoordinates, 5, 1, 0.8
SetTextureCoordinates, 6, 1, 0.5
SetTextureCoordinates, 7, 0.5, 0.5

CreateMeshBuilder,
AddVertex, 8.8, 1.1, 20.5,
AddVertex, 8.8, 1.1, 21.75,
AddVertex, 13.5,-0.8,21.75,
AddVertex, 13.5,-1.0,20.5,
AddVertex, 8.8, 1.1, 21.75,
AddVertex, 8.8, 1.1, 22.8,
AddVertex, 13.5,-1.0,22.8,
AddVertex, 13.5,-0.8,21.75,
AddFace2,  0, 1, 2, 3
AddFace2, 4,5,6,7
LoadTexture, bridge2a3.png
SetEmissiveColor, 255,255,255
SetTextureCoordinates, 0, 0, 1
SetTextureCoordinates, 1, 0.5, 1
SetTextureCoordinates, 2, 0.5, 0
SetTextureCoordinates, 3, 0, 0
SetTextureCoordinates, 4, 0.5, 1
SetTextureCoordinates, 5, 1, 1
SetTextureCoordinates, 6, 1, 0
SetTextureCoordinates, 7, 0.5, 0

CreateMeshBuilder,
AddVertex, 6.5, 1.1, 20.5,
AddVertex, 6.5, 1.1, 22.8,
AddVertex, 8.8,1.1,22.8,
AddVertex, 8.8,1.1,20.5,
AddFace2,  0, 1, 2, 3
LoadTexture, bridge2a3.png
SetEmissiveColor, 255,255,255
SetTextureCoordinates, 0, 0, 1
SetTextureCoordinates, 1, 1, 1
SetTextureCoordinates, 2, 1, 0.5
SetTextureCoordinates, 3, 0, 0.5

CreateMeshBuilder,
AddVertex, 2.15, 3.55, 20.5,
AddVertex, 2.15, 3.55, 22.8,
AddVertex, 6.5,1.1,22.8,
AddVertex, 6.5,1.1,20.5,
AddFace2,  0, 1, 2, 3
LoadTexture, bridge2a3.png
SetEmissiveColor, 255,255,255
SetTextureCoordinates, 0, 0, 1
SetTextureCoordinates, 1, 1, 1
SetTextureCoordinates, 2, 1, 0
SetTextureCoordinates, 3, 0, 0

CreateMeshBuilder,
AddVertex, 0, 3.8, 20.5,
AddVertex, 0, 3.8, 22.8,
AddVertex, 2.15,3.55,22.8,
AddVertex, 2.15,3.55,20.5,
AddFace2,  0, 1, 2, 3
LoadTexture, bridge2a3.png
SetEmissiveColor, 255,255,255
SetTextureCoordinates, 0, 0, 0.5
SetTextureCoordinates, 1, 1, 0.5
SetTextureCoordinates, 2, 1, 0
SetTextureCoordinates, 3, 0, 0

;;end topping;;

CreateMeshBuilder,
AddVertex, 20,-3,20.5,0,1,0
AddVertex, 25,-3,20.5,0,1,0
AddVertex, 25,-8.2,20.5,0,1,0
AddVertex, 20,-8.2,20.5,0,1,0
AddFace2,  0, 1, 2, 3
LoadTexture, bridge2a.png
SetEmissiveColor, 255,255,255
SetTextureCoordinates, 0, 1, 0
SetTextureCoordinates, 1, 0, 0
SetTextureCoordinates, 2, 0, 1
SetTextureCoordinates, 3, 1, 1
SetDecalTransparentColor, 0,0,255

CreateMeshBuilder,
AddVertex, 20,-3,22.8,0,1,0
AddVertex, 25,-3,22.8,0,1,0
AddVertex, 25,-8.2,22.8,0,1,0
AddVertex, 20,-8.2,22.8,0,1,0
AddFace2,  0, 1, 2, 3
LoadTexture, bridge2a.png
SetEmissiveColor, 255,255,255
SetTextureCoordinates, 0, 1, 0
SetTextureCoordinates, 1, 0, 0
SetTextureCoordinates, 2, 0, 1
SetTextureCoordinates, 3, 1, 1
SetDecalTransparentColor, 0,0,255

CreateMeshBuilder,
AddVertex, 20,-6.64,22.8,0,1,0
AddVertex, 20,-6.64,20.5,0,1,0
AddVertex, 20,-8.2,20.5,0,1,0
AddVertex, 20,-8.2,22.8,0,1,0
AddFace, 0,1,2,3
LoadTexture, bridge2a.png
SetEmissiveColor, 255,255,255
SetTextureCoordinates, 0, 1, 0.7
SetTextureCoordinates, 1, 0.85, 0.7
SetTextureCoordinates, 2, 0.85, 1
SetTextureCoordinates, 3, 1, 1
SetDecalTransparentColor, 0,0,255

;;Near TWU Station, bottom;;
CreateMeshBuilder,
AddVertex, 1.5,-0,22.8,0,1,0
AddVertex, 1.5,-0,20.5,0,1,0
AddVertex, 0,0.1,20.5,0,1,0
AddVertex, 0,0.1,22.8,0,1,0
AddFace, 3,2,1,0
LoadTexture, bridge2e.png
SetEmissiveColor, 255,255,255
SetTextureCoordinates, 0, 0.4, 0.92
SetTextureCoordinates, 1, 0.4, 0.77
SetTextureCoordinates, 2, 0, 0.77
SetTextureCoordinates, 3, 0, 0.92

CreateMeshBuilder,
AddVertex, 6.3,-2.55,22.8,0,1,0
AddVertex, 6.3,-2.55,20.5,0,1,0
AddVertex, 1.5,-0,20.5,0,1,0
AddVertex, 1.5,-0,22.8,0,1,0
AddFace, 3,2,1,0
LoadTexture, bridge2e.png
SetEmissiveColor, 255,255,255
SetTextureCoordinates, 0, 0.4, 0.92
SetTextureCoordinates, 1, 0.4, 0.77
SetTextureCoordinates, 2, 0, 0.77
SetTextureCoordinates, 3, 0, 0.92

CreateMeshBuilder,
AddVertex, 8.1,-2.55,22.8,0,1,0
AddVertex, 8.1,-2.55,20.5,0,1,0
AddVertex, 6.3,-2.55,20.5,0,1,0
AddVertex, 6.3,-2.55,22.8,0,1,0
AddFace, 3,2,1,0
LoadTexture, bridge2e.png
SetEmissiveColor, 255,255,255
SetTextureCoordinates, 0, 0.4, 0.92
SetTextureCoordinates, 1, 0.4, 0.77
SetTextureCoordinates, 2, 0, 0.77
SetTextureCoordinates, 3, 0, 0.92

CreateMeshBuilder,
AddVertex, 13.2,-4.6,22.8,0,1,0
AddVertex, 13.2,-4.6,20.5,0,1,0
AddVertex, 8.1,-2.55,20.5,0,1,0
AddVertex, 8.1,-2.55,22.8,0,1,0
AddFace, 3,2,1,0
LoadTexture, bridge2e.png
SetEmissiveColor, 255,255,255
SetTextureCoordinates, 0, 0.4, 0.92
SetTextureCoordinates, 1, 0.4, 0.77
SetTextureCoordinates, 2, 0, 0.77
SetTextureCoordinates, 3, 0, 0.92
SetDecalTransparentColor, 0,0,255

CreateMeshBuilder,
AddVertex, 15,-4.6,22.8,0,1,0
AddVertex, 15,-4.6,20.5,0,1,0
AddVertex, 13.2,-4.6,20.5,0,1,0
AddVertex, 13.2,-4.6,22.8,0,1,0
AddFace, 3,2,1,0
LoadTexture, bridge2e.png
SetEmissiveColor, 255,255,255
SetTextureCoordinates, 0, 0.4, 0.92
SetTextureCoordinates, 1, 0.4, 0.77
SetTextureCoordinates, 2, 0, 0.77
SetTextureCoordinates, 3, 0, 0.92
SetDecalTransparentColor, 0,0,255

CreateMeshBuilder,
AddVertex, 19.75,-6.64,22.8,0,1,0
AddVertex, 19.75,-6.64,20.5,0,1,0
AddVertex, 15,-4.6,20.5,0,1,0
AddVertex, 15,-4.6,22.8,0,1,0
AddFace, 3,2,1,0
LoadTexture, bridge2e.png
SetEmissiveColor, 255,255,255
SetTextureCoordinates, 0, 1, 0.92
SetTextureCoordinates, 1, 1, 0.77
SetTextureCoordinates, 2, 0, 0.77
SetTextureCoordinates, 3, 0, 0.92
SetDecalTransparentColor, 0,0,255

CreateMeshBuilder,
AddVertex, 20,-6.64,22.8,0,1,0
AddVertex, 20,-6.64,20.5,0,1,0
AddVertex, 19.75,-6.64,20.5,0,1,0
AddVertex, 19.75,-6.64,22.8,0,1,0
AddFace, 3,2,1,0
LoadTexture, bridge2e.png
SetEmissiveColor, 255,255,255
SetTextureCoordinates, 0, 0.3, 0.92
SetTextureCoordinates, 1, 0.3, 0.77
SetTextureCoordinates, 2, 0, 0.77
SetTextureCoordinates, 3, 0, 0.92
SetDecalTransparentColor, 0,0,255

CreateMeshBuilder,
AddVertex, 13.50,-0.9,22.8,0,1,0
AddVertex, 20.02,-0.9,22.8,0,1,0
AddVertex, 20.02,-6.67,22.8,0,1,0
AddVertex, 13.50,-6.67,22.8,0,1,0
AddFace2,  0, 1, 2, 3
LoadTexture, bridge2b.png
SetEmissiveColor, 255,255,255
SetTextureCoordinates, 0, 1, 0
SetTextureCoordinates, 1, 0, 0
SetTextureCoordinates, 2, 0, 1
SetTextureCoordinates, 3, 1, 1
SetDecalTransparentColor, 0,0,255

CreateMeshBuilder,
AddVertex, 13.5, -0.9,20.5,0,1,0
AddVertex, 20.02,-0.9,20.5,0,1,0
AddVertex, 20.02,-6.67,20.5,0,1,0
AddVertex, 13.5, -6.67,20.5,0,1,0
AddFace2,  0, 1, 2, 3
LoadTexture, bridge2b.png
SetEmissiveColor, 255,255,255
SetTextureCoordinates, 0, 1, 0
SetTextureCoordinates, 1, 0, 0
SetTextureCoordinates, 2, 0, 1
SetTextureCoordinates, 3, 1, 1
SetDecalTransparentColor, 0,0,255


CreateMeshBuilder,
Cylinder,8,0.5,0.5,6
LoadTexture, bridge2h.png
SetTextureCoordinates,0,0,0
SetTextureCoordinates,1,0,1
SetTextureCoordinates,2,1.000,0
SetTextureCoordinates,3,1.000,1
SetTextureCoordinates,4,0.000,0
SetTextureCoordinates,5,0.000,1
SetTextureCoordinates,6,1.000,0
SetTextureCoordinates,7,1.000,1
SetTextureCoordinates,8,0.000,0
SetTextureCoordinates,9,0.000,1
SetTextureCoordinates,10,1.000,0
SetTextureCoordinates,11,1.000,1
SetTextureCoordinates,12,0.000,0
SetTextureCoordinates,13,0.000,1
SetTextureCoordinates,14,1.000,0
SetTextureCoordinates,15,1.000,1
Translate,7.5,-5.1,21.7

CreateMeshBuilder,
Cylinder,8,0.8,0.8,7
LoadTexture, bridge2h.png
SetTextureCoordinates,0,0,0
SetTextureCoordinates,1,0,1
SetTextureCoordinates,2,1.000,0
SetTextureCoordinates,3,1.000,1
SetTextureCoordinates,4,0.000,0
SetTextureCoordinates,5,0.000,1
SetTextureCoordinates,6,1.000,0
SetTextureCoordinates,7,1.000,1
SetTextureCoordinates,8,0.000,0
SetTextureCoordinates,9,0.000,1
SetTextureCoordinates,10,1.000,0
SetTextureCoordinates,11,1.000,1
SetTextureCoordinates,12,0.000,0
SetTextureCoordinates,13,0.000,1
SetTextureCoordinates,14,1.000,0
SetTextureCoordinates,15,1.000,1
Translate,6,-4,46.8

CreateMeshBuilder,
Cylinder,8,0.8,0.8,6
LoadTexture, bridge2h.png
SetTextureCoordinates,0,0,0
SetTextureCoordinates,1,0,1
SetTextureCoordinates,2,1.000,0
SetTextureCoordinates,3,1.000,1
SetTextureCoordinates,4,0.000,0
SetTextureCoordinates,5,0.000,1
SetTextureCoordinates,6,1.000,0
SetTextureCoordinates,7,1.000,1
SetTextureCoordinates,8,0.000,0
SetTextureCoordinates,9,0.000,1
SetTextureCoordinates,10,1.000,0
SetTextureCoordinates,11,1.000,1
SetTextureCoordinates,12,0.000,0
SetTextureCoordinates,13,0.000,1
SetTextureCoordinates,14,1.000,0
SetTextureCoordinates,15,1.000,1
Translate,20,-4.7,46.8

CreateMeshBuilder,
Cylinder,8,0.6,0.6,4.5
LoadTexture, bridge2h.png
SetTextureCoordinates,0,0,0
SetTextureCoordinates,1,0,1
SetTextureCoordinates,2,1.000,0
SetTextureCoordinates,3,1.000,1
SetTextureCoordinates,4,0.000,0
SetTextureCoordinates,5,0.000,1
SetTextureCoordinates,6,1.000,0
SetTextureCoordinates,7,1.000,1
SetTextureCoordinates,8,0.000,0
SetTextureCoordinates,9,0.000,1
SetTextureCoordinates,10,1.000,0
SetTextureCoordinates,11,1.000,1
SetTextureCoordinates,12,0.000,0
SetTextureCoordinates,13,0.000,1
SetTextureCoordinates,14,1.000,0
SetTextureCoordinates,15,1.000,1
Translate,45,-5.8,46.8

CreateMeshBuilder,
Cylinder,8,0.6,0.6,3.5
LoadTexture, bridge2h.png
SetTextureCoordinates,0,0,0
SetTextureCoordinates,1,0,1
SetTextureCoordinates,2,1.000,0
SetTextureCoordinates,3,1.000,1
SetTextureCoordinates,4,0.000,0
SetTextureCoordinates,5,0.000,1
SetTextureCoordinates,6,1.000,0
SetTextureCoordinates,7,1.000,1
SetTextureCoordinates,8,0.000,0
SetTextureCoordinates,9,0.000,1
SetTextureCoordinates,10,1.000,0
SetTextureCoordinates,11,1.000,1
SetTextureCoordinates,12,0.000,0
SetTextureCoordinates,13,0.000,1
SetTextureCoordinates,14,1.000,0
SetTextureCoordinates,15,1.000,1
Translate,60,-6.3,46.8

CreateMeshBuilder,
Cylinder,8,0.8,0.8,7
LoadTexture, bridge2h.png
SetTextureCoordinates,0,0,0
SetTextureCoordinates,1,0,1
SetTextureCoordinates,2,1.000,0
SetTextureCoordinates,3,1.000,1
SetTextureCoordinates,4,0.000,0
SetTextureCoordinates,5,0.000,1
SetTextureCoordinates,6,1.000,0
SetTextureCoordinates,7,1.000,1
SetTextureCoordinates,8,0.000,0
SetTextureCoordinates,9,0.000,1
SetTextureCoordinates,10,1.000,0
SetTextureCoordinates,11,1.000,1
SetTextureCoordinates,12,0.000,0
SetTextureCoordinates,13,0.000,1
SetTextureCoordinates,14,1.000,0
SetTextureCoordinates,15,1.000,1
Translate,-3,-4.5,21.7
;;

CreateMeshBuilder,
AddVertex, 6.5,1.2,22.8,0,1,0
AddVertex, 13.51,1.2,22.8,0,1,0
AddVertex, 13.51,-4.64,22.8,0,1,0
AddVertex, 6.5,-4.64,22.8,0,1,0
AddFace2,  0, 1, 2, 3
LoadTexture, bridge2c.png
SetEmissiveColor, 255,255,255
SetTextureCoordinates, 0, 1, 0
SetTextureCoordinates, 1, 0, 0
SetTextureCoordinates, 2, 0, 1
SetTextureCoordinates, 3, 1, 1
SetDecalTransparentColor, 0,0,255

CreateMeshBuilder,
AddVertex, 6.5,1.2,20.5,0,1,0
AddVertex, 13.51,1.2,20.5,0,1,0
AddVertex, 13.51,-4.64,20.5,0,1,0
AddVertex, 6.5,-4.64,20.5,0,1,0
AddFace2,  0, 1, 2, 3
LoadTexture, bridge2c.png
SetEmissiveColor, 255,255,255
SetTextureCoordinates, 0, 1, 0
SetTextureCoordinates, 1, 0, 0
SetTextureCoordinates, 2, 0, 1
SetTextureCoordinates, 3, 1, 1
SetDecalTransparentColor, 0,0,255

CreateMeshBuilder,
AddVertex, 0, 3.9,22.8,0,1,0
AddVertex, 6.5, 3.25,22.8,0,1,0
AddVertex, 6.5, -2.6,22.8,0,1,0
AddVertex, 0, -2 ,22.8,0,1,0
AddFace2,  0, 1, 2, 3
LoadTexture, bridge2c.png
SetEmissiveColor, 255,255,255
SetTextureCoordinates, 0, 1, 0
SetTextureCoordinates, 1, 0, 0
SetTextureCoordinates, 2, 0, 1
SetTextureCoordinates, 3, 1, 1
SetDecalTransparentColor, 0,0,255

CreateMeshBuilder,
AddVertex, -0, 3.9,20.5,0,1,0
AddVertex, 6.5,3.25,20.5,0,1,0
AddVertex, 6.5,-2.6,20.5,0,1,0
AddVertex, -0, -2,20.5,0,1,0
AddFace2,  0, 1, 2, 3
LoadTexture, bridge2b.png
SetEmissiveColor, 255,255,255
SetTextureCoordinates, 0, 1, 0
SetTextureCoordinates, 1, 0, 0
SetTextureCoordinates, 2, 0, 1
SetTextureCoordinates, 3, 1, 1
SetDecalTransparentColor, 0,0,255

;;stairs;;
CreateMeshBuilder,
AddVertex, 24.55,-7.97,22.8,
AddVertex, 24.55,-7.97,20.5,
AddVertex, 24.55,-8.2,20.5
AddVertex, 24.55,-8.2,22.8
AddVertex, 24.55,-7.97,22.8,
AddVertex, 24.55,-7.97,20.5,
AddVertex, 24.2,-7.97,20.5,
AddVertex, 24.2,-7.97,22.8,
AddFace, 3,2,1,0
AddFace, 4,5,6,7
LoadTexture, bridge2a1.png
SetEmissiveColor, 255,255,255
SetTextureCoordinates, 0, 1, 0.5
SetTextureCoordinates, 1, 0, 0.5
SetTextureCoordinates, 2, 0, 1
SetTextureCoordinates, 3, 1, 1
SetTextureCoordinates, 4, 1, 0.5
SetTextureCoordinates, 5, 0, 0.5
SetTextureCoordinates, 6, 0, 0
SetTextureCoordinates, 7, 1, 0

CreateMeshBuilder,
AddVertex, 24.55,-7.97,22.8,
AddVertex, 24.55,-7.97,20.5,
AddVertex, 24.55,-8.2,20.5
AddVertex, 24.55,-8.2,22.8
AddVertex, 24.55,-7.97,22.8,
AddVertex, 24.55,-7.97,20.5,
AddVertex, 24.2,-7.97,20.5,
AddVertex, 24.2,-7.97,22.8,
AddFace, 3,2,1,0
AddFace, 4,5,6,7
LoadTexture, bridge2a1.png
SetEmissiveColor, 255,255,255
SetTextureCoordinates, 0, 1, 0.5
SetTextureCoordinates, 1, 0, 0.5
SetTextureCoordinates, 2, 0, 1
SetTextureCoordinates, 3, 1, 1
SetTextureCoordinates, 4, 1, 0.5
SetTextureCoordinates, 5, 0, 0.5
SetTextureCoordinates, 6, 0, 0
SetTextureCoordinates, 7, 1, 0
Translate,-0.35,0.23,0

CreateMeshBuilder,
AddVertex, 24.55,-7.97,22.8,
AddVertex, 24.55,-7.97,20.5,
AddVertex, 24.55,-8.2,20.5
AddVertex, 24.55,-8.2,22.8
AddVertex, 24.55,-7.97,22.8,
AddVertex, 24.55,-7.97,20.5,
AddVertex, 24.2,-7.97,20.5,
AddVertex, 24.2,-7.97,22.8,
AddFace, 3,2,1,0
AddFace, 4,5,6,7
LoadTexture, bridge2a1.png
SetEmissiveColor, 255,255,255
SetTextureCoordinates, 0, 1, 0.5
SetTextureCoordinates, 1, 0, 0.5
SetTextureCoordinates, 2, 0, 1
SetTextureCoordinates, 3, 1, 1
SetTextureCoordinates, 4, 1, 0.5
SetTextureCoordinates, 5, 0, 0.5
SetTextureCoordinates, 6, 0, 0
SetTextureCoordinates, 7, 1, 0
Translate,-0.7,0.46,0

CreateMeshBuilder,
AddVertex, 24.55,-7.97,22.8,
AddVertex, 24.55,-7.97,20.5,
AddVertex, 24.55,-8.2,20.5
AddVertex, 24.55,-8.2,22.8
AddVertex, 24.55,-7.97,22.8,
AddVertex, 24.55,-7.97,20.5,
AddVertex, 24.2,-7.97,20.5,
AddVertex, 24.2,-7.97,22.8,
AddFace, 3,2,1,0
AddFace, 4,5,6,7
LoadTexture, bridge2a1.png
SetEmissiveColor, 255,255,255
SetTextureCoordinates, 0, 1, 0.5
SetTextureCoordinates, 1, 0, 0.5
SetTextureCoordinates, 2, 0, 1
SetTextureCoordinates, 3, 1, 1
SetTextureCoordinates, 4, 1, 0.5
SetTextureCoordinates, 5, 0, 0.5
SetTextureCoordinates, 6, 0, 0
SetTextureCoordinates, 7, 1, 0
Translate,-1.05,0.69,0

CreateMeshBuilder,
AddVertex, 24.55,-7.97,22.8,
AddVertex, 24.55,-7.97,20.5,
AddVertex, 24.55,-8.2,20.5
AddVertex, 24.55,-8.2,22.8
AddVertex, 24.55,-7.97,22.8,
AddVertex, 24.55,-7.97,20.5,
AddVertex, 24.2,-7.97,20.5,
AddVertex, 24.2,-7.97,22.8,
AddFace, 3,2,1,0
AddFace, 4,5,6,7
LoadTexture, bridge2a1.png
SetEmissiveColor, 255,255,255
SetTextureCoordinates, 0, 1, 0.5
SetTextureCoordinates, 1, 0, 0.5
SetTextureCoordinates, 2, 0, 1
SetTextureCoordinates, 3, 1, 1
SetTextureCoordinates, 4, 1, 0.5
SetTextureCoordinates, 5, 0, 0.5
SetTextureCoordinates, 6, 0, 0
SetTextureCoordinates, 7, 1, 0
Translate,-1.4,0.92,0

CreateMeshBuilder,
AddVertex, 24.55,-7.97,22.8,
AddVertex, 24.55,-7.97,20.5,
AddVertex, 24.55,-8.2,20.5
AddVertex, 24.55,-8.2,22.8
AddVertex, 24.55,-7.97,22.8,
AddVertex, 24.55,-7.97,20.5,
AddVertex, 24.2,-7.97,20.5,
AddVertex, 24.2,-7.97,22.8,
AddFace2,  0, 1, 2, 3
AddFace2, 4,5,6,7
LoadTexture, bridge2a1.png
SetEmissiveColor, 255,255,255
SetTextureCoordinates, 0, 1, 0.5
SetTextureCoordinates, 1, 0, 0.5
SetTextureCoordinates, 2, 0, 1
SetTextureCoordinates, 3, 1, 1
SetTextureCoordinates, 4, 1, 0.5
SetTextureCoordinates, 5, 0, 0.5
SetTextureCoordinates, 6, 0, 0
SetTextureCoordinates, 7, 1, 0
Translate,-1.75,1.15,0

CreateMeshBuilder,
AddVertex, 24.55,-7.97,22.8,
AddVertex, 24.55,-7.97,20.5,
AddVertex, 24.55,-8.2,20.5
AddVertex, 24.55,-8.2,22.8
AddVertex, 24.55,-7.97,22.8,
AddVertex, 24.55,-7.97,20.5,
AddVertex, 24.17,-7.97,20.5,
AddVertex, 24.17,-7.97,22.8,
AddFace, 3,2,1,0
AddFace, 4,5,6,7
LoadTexture, bridge2a1.png
SetEmissiveColor, 255,255,255
SetTextureCoordinates, 0, 1, 0.5
SetTextureCoordinates, 1, 0, 0.5
SetTextureCoordinates, 2, 0, 1
SetTextureCoordinates, 3, 1, 1
SetTextureCoordinates, 4, 1, 0.5
SetTextureCoordinates, 5, 0, 0.5
SetTextureCoordinates, 6, 0, 0
SetTextureCoordinates, 7, 1, 0
Translate,-2.1,1.38,0

CreateMeshBuilder,
AddVertex, 24.55,-8.0,22.8,
AddVertex, 24.55,-8.0,20.5,
AddVertex, 24.55,-8.2,20.5
AddVertex, 24.55,-8.2,22.8
AddVertex, 24.55,-8.0,22.8,
AddVertex, 24.55,-8.0,20.5,
AddVertex, 24.18,-8.0,20.5,
AddVertex, 24.18,-8.0,22.8,
AddFace, 3,2,1,0
AddFace, 4,5,6,7
LoadTexture, bridge2a1.png
SetEmissiveColor, 255,255,255
SetTextureCoordinates, 0, 1, 0.5
SetTextureCoordinates, 1, 0, 0.5
SetTextureCoordinates, 2, 0, 1
SetTextureCoordinates, 3, 1, 1
SetTextureCoordinates, 4, 1, 0.5
SetTextureCoordinates, 5, 0, 0.5
SetTextureCoordinates, 6, 0, 0
SetTextureCoordinates, 7, 1, 0
Translate,-2.48,1.61,0

CreateMeshBuilder,
AddVertex, 24.55,-7.97,22.8,
AddVertex, 24.55,-7.97,20.5,
AddVertex, 24.55,-8.2,20.5
AddVertex, 24.55,-8.2,22.8
AddVertex, 24.55,-7.97,22.8,
AddVertex, 24.55,-7.97,20.5,
AddVertex, 22.8,-7.97,20.5,
AddVertex, 22.8,-7.97,22.8,
AddFace, 3,2,1,0
AddFace, 4,5,6,7
LoadTexture, bridge2a1.png
SetEmissiveColor, 255,255,255
SetTextureCoordinates, 0, 1, 0.5
SetTextureCoordinates, 1, 0, 0.5
SetTextureCoordinates, 2, 0, 1
SetTextureCoordinates, 3, 1, 1
SetTextureCoordinates, 4, 1, 0.5
SetTextureCoordinates, 5, 0, 0.5
SetTextureCoordinates, 6, 0, 0
SetTextureCoordinates, 7, 1, 0
Translate,-2.85,1.81,0

CreateMeshBuilder,
AddVertex, 24.55,-8.0,22.8,
AddVertex, 24.55,-8.0,20.5,
AddVertex, 24.55,-8.17,20.5
AddVertex, 24.55,-8.17,22.8
AddVertex, 24.55,-8.0,22.8,
AddVertex, 24.55,-8.0,20.5,
AddVertex, 24.16,-8.0,20.5,
AddVertex, 24.16,-8.0,22.8,
AddFace, 3,2,1,0
AddFace, 4,5,6,7
LoadTexture, bridge2a1.png
SetEmissiveColor, 255,255,255
SetTextureCoordinates, 0, 1, 0.5
SetTextureCoordinates, 1, 0, 0.5
SetTextureCoordinates, 2, 0, 1
SetTextureCoordinates, 3, 1, 1
SetTextureCoordinates, 4, 1, 0.5
SetTextureCoordinates, 5, 0, 0.5
SetTextureCoordinates, 6, 0, 0
SetTextureCoordinates, 7, 1, 0
Translate,-4.6,2.01,0

CreateMeshBuilder,
AddVertex, 24.55,-8.0,22.8,
AddVertex, 24.55,-8.0,20.5,
AddVertex, 24.55,-8.17,20.5
AddVertex, 24.55,-8.17,22.8
AddVertex, 24.55,-8.0,22.8,
AddVertex, 24.55,-8.0,20.5,
AddVertex, 24.16,-8.0,20.5,
AddVertex, 24.16,-8.0,22.8,
AddFace, 3,2,1,0
AddFace, 4,5,6,7
LoadTexture, bridge2a1.png
SetEmissiveColor, 255,255,255
SetTextureCoordinates, 0, 1, 0.5
SetTextureCoordinates, 1, 0, 0.5
SetTextureCoordinates, 2, 0, 1
SetTextureCoordinates, 3, 1, 1
SetTextureCoordinates, 4, 1, 0.5
SetTextureCoordinates, 5, 0, 0.5
SetTextureCoordinates, 6, 0, 0
SetTextureCoordinates, 7, 1, 0
Translate,-4.99,2.18,0

CreateMeshBuilder,
AddVertex, 24.55,-8.0,22.8,
AddVertex, 24.55,-8.0,20.5,
AddVertex, 24.55,-8.17,20.5
AddVertex, 24.55,-8.17,22.8
AddVertex, 24.55,-8.0,22.8,
AddVertex, 24.55,-8.0,20.5,
AddVertex, 24.16,-8.0,20.5,
AddVertex, 24.16,-8.0,22.8,
AddFace, 3,2,1,0
AddFace, 4,5,6,7
LoadTexture, bridge2a1.png
SetEmissiveColor, 255,255,255
SetTextureCoordinates, 0, 1, 0.5
SetTextureCoordinates, 1, 0, 0.5
SetTextureCoordinates, 2, 0, 1
SetTextureCoordinates, 3, 1, 1
SetTextureCoordinates, 4, 1, 0.5
SetTextureCoordinates, 5, 0, 0.5
SetTextureCoordinates, 6, 0, 0
SetTextureCoordinates, 7, 1, 0
Translate,-5.38,2.35,0

CreateMeshBuilder,
AddVertex, 24.55,-8.0,22.8,
AddVertex, 24.55,-8.0,20.5,
AddVertex, 24.55,-8.17,20.5
AddVertex, 24.55,-8.17,22.8
AddVertex, 24.55,-8.0,22.8,
AddVertex, 24.55,-8.0,20.5,
AddVertex, 24.16,-8.0,20.5,
AddVertex, 24.16,-8.0,22.8,
AddFace, 3,2,1,0
AddFace, 4,5,6,7
LoadTexture, bridge2a1.png
SetEmissiveColor, 255,255,255
SetTextureCoordinates, 0, 1, 0.5
SetTextureCoordinates, 1, 0, 0.5
SetTextureCoordinates, 2, 0, 1
SetTextureCoordinates, 3, 1, 1
SetTextureCoordinates, 4, 1, 0.5
SetTextureCoordinates, 5, 0, 0.5
SetTextureCoordinates, 6, 0, 0
SetTextureCoordinates, 7, 1, 0
Translate,-5.77,2.52,0

CreateMeshBuilder,
AddVertex, 24.55,-8.0,22.8,
AddVertex, 24.55,-8.0,20.5,
AddVertex, 24.55,-8.17,20.5
AddVertex, 24.55,-8.17,22.8
AddVertex, 24.55,-8.0,22.8,
AddVertex, 24.55,-8.0,20.5,
AddVertex, 24.16,-8.0,20.5,
AddVertex, 24.16,-8.0,22.8,
AddFace, 3,2,1,0
AddFace, 4,5,6,7
LoadTexture, bridge2a1.png
SetEmissiveColor, 255,255,255
SetTextureCoordinates, 0, 1, 0.5
SetTextureCoordinates, 1, 0, 0.5
SetTextureCoordinates, 2, 0, 1
SetTextureCoordinates, 3, 1, 1
SetTextureCoordinates, 4, 1, 0.5
SetTextureCoordinates, 5, 0, 0.5
SetTextureCoordinates, 6, 0, 0
SetTextureCoordinates, 7, 1, 0
Translate,-6.16,2.69,0

CreateMeshBuilder,
AddVertex, 24.55,-8.0,22.8,
AddVertex, 24.55,-8.0,20.5,
AddVertex, 24.55,-8.17,20.5
AddVertex, 24.55,-8.17,22.8
AddVertex, 24.55,-8.0,22.8,
AddVertex, 24.55,-8.0,20.5,
AddVertex, 24.16,-8.0,20.5,
AddVertex, 24.16,-8.0,22.8,
AddFace, 3,2,1,0
AddFace, 4,5,6,7
LoadTexture, bridge2a1.png
SetEmissiveColor, 255,255,255
SetTextureCoordinates, 0, 1, 0.5
SetTextureCoordinates, 1, 0, 0.5
SetTextureCoordinates, 2, 0, 1
SetTextureCoordinates, 3, 1, 1
SetTextureCoordinates, 4, 1, 0.5
SetTextureCoordinates, 5, 0, 0.5
SetTextureCoordinates, 6, 0, 0
SetTextureCoordinates, 7, 1, 0
Translate,-6.55,2.86,0

CreateMeshBuilder,
AddVertex, 24.55,-8.0,22.8,
AddVertex, 24.55,-8.0,20.5,
AddVertex, 24.55,-8.17,20.5
AddVertex, 24.55,-8.17,22.8
AddVertex, 24.55,-8.0,22.8,
AddVertex, 24.55,-8.0,20.5,
AddVertex, 24.16,-8.0,20.5,
AddVertex, 24.16,-8.0,22.8,
AddFace, 3,2,1,0
AddFace, 4,5,6,7
LoadTexture, bridge2a1.png
SetEmissiveColor, 255,255,255
SetTextureCoordinates, 0, 1, 0.5
SetTextureCoordinates, 1, 0, 0.5
SetTextureCoordinates, 2, 0, 1
SetTextureCoordinates, 3, 1, 1
SetTextureCoordinates, 4, 1, 0.5
SetTextureCoordinates, 5, 0, 0.5
SetTextureCoordinates, 6, 0, 0
SetTextureCoordinates, 7, 1, 0
Translate,-6.94,3.02,0

CreateMeshBuilder,
AddVertex, 24.55,-8.0,22.8,
AddVertex, 24.55,-8.0,20.5,
AddVertex, 24.55,-8.17,20.5
AddVertex, 24.55,-8.17,22.8
AddVertex, 24.55,-8.0,22.8,
AddVertex, 24.55,-8.0,20.5,
AddVertex, 24.16,-8.0,20.5,
AddVertex, 24.16,-8.0,22.8,
AddFace, 3,2,1,0
AddFace, 4,5,6,7
LoadTexture, bridge2a1.png
SetEmissiveColor, 255,255,255
SetTextureCoordinates, 0, 1, 0.5
SetTextureCoordinates, 1, 0, 0.5
SetTextureCoordinates, 2, 0, 1
SetTextureCoordinates, 3, 1, 1
SetTextureCoordinates, 4, 1, 0.5
SetTextureCoordinates, 5, 0, 0.5
SetTextureCoordinates, 6, 0, 0
SetTextureCoordinates, 7, 1, 0
Translate,-7.33,3.18,0

CreateMeshBuilder,
AddVertex, 24.55,-8.0,22.8,
AddVertex, 24.55,-8.0,20.5,
AddVertex, 24.55,-8.17,20.5
AddVertex, 24.55,-8.17,22.8
AddVertex, 24.55,-8.0,22.8,
AddVertex, 24.55,-8.0,20.5,
AddVertex, 24.16,-8.0,20.5,
AddVertex, 24.16,-8.0,22.8,
AddFace, 3,2,1,0
AddFace, 4,5,6,7
LoadTexture, bridge2a1.png
SetEmissiveColor, 255,255,255
SetTextureCoordinates, 0, 1, 0.5
SetTextureCoordinates, 1, 0, 0.5
SetTextureCoordinates, 2, 0, 1
SetTextureCoordinates, 3, 1, 1
SetTextureCoordinates, 4, 1, 0.5
SetTextureCoordinates, 5, 0, 0.5
SetTextureCoordinates, 6, 0, 0
SetTextureCoordinates, 7, 1, 0
Translate,-7.72,3.34,0

CreateMeshBuilder,
AddVertex, 24.55,-8.0,22.8,
AddVertex, 24.55,-8.0,20.5,
AddVertex, 24.55,-8.17,20.5
AddVertex, 24.55,-8.17,22.8
AddVertex, 24.55,-8.0,22.8,
AddVertex, 24.55,-8.0,20.5,
AddVertex, 24.16,-8.0,20.5,
AddVertex, 24.16,-8.0,22.8,
AddFace, 3,2,1,0
AddFace, 4,5,6,7
LoadTexture, bridge2a1.png
SetEmissiveColor, 255,255,255
SetTextureCoordinates, 0, 1, 0.5
SetTextureCoordinates, 1, 0, 0.5
SetTextureCoordinates, 2, 0, 1
SetTextureCoordinates, 3, 1, 1
SetTextureCoordinates, 4, 1, 0.5
SetTextureCoordinates, 5, 0, 0.5
SetTextureCoordinates, 6, 0, 0
SetTextureCoordinates, 7, 1, 0
Translate,-8.11,3.51,0

CreateMeshBuilder,
AddVertex, 24.55,-8.0,22.8,
AddVertex, 24.55,-8.0,20.5,
AddVertex, 24.55,-8.17,20.5
AddVertex, 24.55,-8.17,22.8
AddVertex, 24.55,-8.0,22.8,
AddVertex, 24.55,-8.0,20.5,
AddVertex, 24.16,-8.0,20.5,
AddVertex, 24.16,-8.0,22.8,
AddFace, 3,2,1,0
AddFace, 4,5,6,7
LoadTexture, bridge2a1.png
SetEmissiveColor, 255,255,255
SetTextureCoordinates, 0, 1, 0.5
SetTextureCoordinates, 1, 0, 0.5
SetTextureCoordinates, 2, 0, 1
SetTextureCoordinates, 3, 1, 1
SetTextureCoordinates, 4, 1, 0.5
SetTextureCoordinates, 5, 0, 0.5
SetTextureCoordinates, 6, 0, 0
SetTextureCoordinates, 7, 1, 0
Translate,-8.5,3.68,0

CreateMeshBuilder,
AddVertex, 24.55,-8.0,22.8,
AddVertex, 24.55,-8.0,20.5,
AddVertex, 24.55,-8.17,20.5
AddVertex, 24.55,-8.17,22.8
AddVertex, 24.55,-8.0,22.8,
AddVertex, 24.55,-8.0,20.5,
AddVertex, 22.25,-8.0,20.5,
AddVertex, 22.25,-8.0,22.8,
AddFace, 3,2,1,0
AddFace, 4,5,6,7
LoadTexture, bridge2a1.png
SetEmissiveColor, 255,255,255
SetTextureCoordinates, 0, 1, 0.5
SetTextureCoordinates, 1, 0, 0.5
SetTextureCoordinates, 2, 0, 1
SetTextureCoordinates, 3, 1, 1
SetTextureCoordinates, 4, 1, 0.5
SetTextureCoordinates, 5, 0, 0.5
SetTextureCoordinates, 6, 0, 0
SetTextureCoordinates, 7, 1, 0
Translate,-8.89,3.85,0

CreateMeshBuilder,
AddVertex, 24.55,-8.0,22.8,
AddVertex, 24.55,-8.0,20.5,
AddVertex, 24.55,-8.17,20.5
AddVertex, 24.55,-8.17,22.8
AddVertex, 24.55,-8.0,22.8,
AddVertex, 24.55,-8.0,20.5,
AddVertex, 24.16,-8.0,20.5,
AddVertex, 24.16,-8.0,22.8,
AddFace, 3,2,1,0
AddFace, 4,5,6,7
LoadTexture, bridge2a1.png
SetEmissiveColor, 255,255,255
SetTextureCoordinates, 0, 1, 0.5
SetTextureCoordinates, 1, 0, 0.5
SetTextureCoordinates, 2, 0, 1
SetTextureCoordinates, 3, 1, 1
SetTextureCoordinates, 4, 1, 0.5
SetTextureCoordinates, 5, 0, 0.5
SetTextureCoordinates, 6, 0, 0
SetTextureCoordinates, 7, 1, 0
Translate,-11.19,4.0,0

CreateMeshBuilder,
AddVertex, 24.55,-8.0,22.8,
AddVertex, 24.55,-8.0,20.5,
AddVertex, 24.55,-8.17,20.5
AddVertex, 24.55,-8.17,22.8
AddVertex, 24.55,-8.0,22.8,
AddVertex, 24.55,-8.0,20.5,
AddVertex, 24.16,-8.0,20.5,
AddVertex, 24.16,-8.0,22.8,
AddFace, 3,2,1,0
AddFace, 4,5,6,7
LoadTexture, bridge2a1.png
SetEmissiveColor, 255,255,255
SetTextureCoordinates, 0, 1, 0.5
SetTextureCoordinates, 1, 0, 0.5
SetTextureCoordinates, 2, 0, 1
SetTextureCoordinates, 3, 1, 1
SetTextureCoordinates, 4, 1, 0.5
SetTextureCoordinates, 5, 0, 0.5
SetTextureCoordinates, 6, 0, 0
SetTextureCoordinates, 7, 1, 0
Translate,-11.58,4.15,0

CreateMeshBuilder,
AddVertex, 24.55,-8.0,22.8,
AddVertex, 24.55,-8.0,20.5,
AddVertex, 24.55,-8.17,20.5
AddVertex, 24.55,-8.17,22.8
AddVertex, 24.55,-8.0,22.8,
AddVertex, 24.55,-8.0,20.5,
AddVertex, 24.16,-8.0,20.5,
AddVertex, 24.16,-8.0,22.8,
AddFace, 3,2,1,0
AddFace, 4,5,6,7
LoadTexture, bridge2a1.png
SetEmissiveColor, 255,255,255
SetTextureCoordinates, 0, 1, 0.5
SetTextureCoordinates, 1, 0, 0.5
SetTextureCoordinates, 2, 0, 1
SetTextureCoordinates, 3, 1, 1
SetTextureCoordinates, 4, 1, 0.5
SetTextureCoordinates, 5, 0, 0.5
SetTextureCoordinates, 6, 0, 0
SetTextureCoordinates, 7, 1, 0
Translate,-11.97,4.31,0

CreateMeshBuilder,
AddVertex, 24.55,-8.0,22.8,
AddVertex, 24.55,-8.0,20.5,
AddVertex, 24.55,-8.17,20.5
AddVertex, 24.55,-8.17,22.8
AddVertex, 24.55,-8.0,22.8,
AddVertex, 24.55,-8.0,20.5,
AddVertex, 24.16,-8.0,20.5,
AddVertex, 24.16,-8.0,22.8,
AddFace, 3,2,1,0
AddFace, 4,5,6,7
LoadTexture, bridge2a1.png
SetEmissiveColor, 255,255,255
SetTextureCoordinates, 0, 1, 0.5
SetTextureCoordinates, 1, 0, 0.5
SetTextureCoordinates, 2, 0, 1
SetTextureCoordinates, 3, 1, 1
SetTextureCoordinates, 4, 1, 0.5
SetTextureCoordinates, 5, 0, 0.5
SetTextureCoordinates, 6, 0, 0
SetTextureCoordinates, 7, 1, 0
Translate,-12.36,4.47,0

CreateMeshBuilder,
AddVertex, 24.55,-8.0,22.8,
AddVertex, 24.55,-8.0,20.5,
AddVertex, 24.55,-8.17,20.5
AddVertex, 24.55,-8.17,22.8
AddVertex, 24.55,-8.0,22.8,
AddVertex, 24.55,-8.0,20.5,
AddVertex, 24.16,-8.0,20.5,
AddVertex, 24.16,-8.0,22.8,
AddFace, 3,2,1,0
AddFace, 4,5,6,7
LoadTexture, bridge2a1.png
SetEmissiveColor, 255,255,255
SetTextureCoordinates, 0, 1, 0.5
SetTextureCoordinates, 1, 0, 0.5
SetTextureCoordinates, 2, 0, 1
SetTextureCoordinates, 3, 1, 1
SetTextureCoordinates, 4, 1, 0.5
SetTextureCoordinates, 5, 0, 0.5
SetTextureCoordinates, 6, 0, 0
SetTextureCoordinates, 7, 1, 0
Translate,-12.75,4.63,0

CreateMeshBuilder,
AddVertex, 24.55,-8.0,22.8,
AddVertex, 24.55,-8.0,20.5,
AddVertex, 24.55,-8.17,20.5
AddVertex, 24.55,-8.17,22.8
AddVertex, 24.55,-8.0,22.8,
AddVertex, 24.55,-8.0,20.5,
AddVertex, 24.16,-8.0,20.5,
AddVertex, 24.16,-8.0,22.8,
AddFace, 3,2,1,0
AddFace, 4,5,6,7
LoadTexture, bridge2a1.png
SetEmissiveColor, 255,255,255
SetTextureCoordinates, 0, 1, 0.5
SetTextureCoordinates, 1, 0, 0.5
SetTextureCoordinates, 2, 0, 1
SetTextureCoordinates, 3, 1, 1
SetTextureCoordinates, 4, 1, 0.5
SetTextureCoordinates, 5, 0, 0.5
SetTextureCoordinates, 6, 0, 0
SetTextureCoordinates, 7, 1, 0
Translate,-13.14,4.79,0

CreateMeshBuilder,
AddVertex, 24.55,-8.0,22.8,
AddVertex, 24.55,-8.0,20.5,
AddVertex, 24.55,-8.17,20.5
AddVertex, 24.55,-8.17,22.8
AddVertex, 24.55,-8.0,22.8,
AddVertex, 24.55,-8.0,20.5,
AddVertex, 24.16,-8.0,20.5,
AddVertex, 24.16,-8.0,22.8,
AddFace, 3,2,1,0
AddFace, 4,5,6,7
LoadTexture, bridge2a1.png
SetEmissiveColor, 255,255,255
SetTextureCoordinates, 0, 1, 0.5
SetTextureCoordinates, 1, 0, 0.5
SetTextureCoordinates, 2, 0, 1
SetTextureCoordinates, 3, 1, 1
SetTextureCoordinates, 4, 1, 0.5
SetTextureCoordinates, 5, 0, 0.5
SetTextureCoordinates, 6, 0, 0
SetTextureCoordinates, 7, 1, 0
Translate,-13.53,4.95,0

CreateMeshBuilder,
AddVertex, 24.55,-8.0,22.8,
AddVertex, 24.55,-8.0,20.5,
AddVertex, 24.55,-8.17,20.5
AddVertex, 24.55,-8.17,22.8
AddVertex, 24.55,-8.0,22.8,
AddVertex, 24.55,-8.0,20.5,
AddVertex, 24.16,-8.0,20.5,
AddVertex, 24.16,-8.0,22.8,
AddFace, 3,2,1,0
AddFace, 4,5,6,7
LoadTexture, bridge2a1.png
SetEmissiveColor, 255,255,255
SetTextureCoordinates, 0, 1, 0.5
SetTextureCoordinates, 1, 0, 0.5
SetTextureCoordinates, 2, 0, 1
SetTextureCoordinates, 3, 1, 1
SetTextureCoordinates, 4, 1, 0.5
SetTextureCoordinates, 5, 0, 0.5
SetTextureCoordinates, 6, 0, 0
SetTextureCoordinates, 7, 1, 0
Translate,-13.92,5.11,0

CreateMeshBuilder,
AddVertex, 24.55,-8.0,22.8,
AddVertex, 24.55,-8.0,20.5,
AddVertex, 24.55,-8.17,20.5
AddVertex, 24.55,-8.17,22.8
AddVertex, 24.55,-8.0,22.8,
AddVertex, 24.55,-8.0,20.5,
AddVertex, 24.16,-8.0,20.5,
AddVertex, 24.16,-8.0,22.8,
AddFace, 3,2,1,0
AddFace, 4,5,6,7
LoadTexture, bridge2a1.png
SetEmissiveColor, 255,255,255
SetTextureCoordinates, 0, 1, 0.5
SetTextureCoordinates, 1, 0, 0.5
SetTextureCoordinates, 2, 0, 1
SetTextureCoordinates, 3, 1, 1
SetTextureCoordinates, 4, 1, 0.5
SetTextureCoordinates, 5, 0, 0.5
SetTextureCoordinates, 6, 0, 0
SetTextureCoordinates, 7, 1, 0
Translate,-14.31,5.27,0

CreateMeshBuilder,
AddVertex, 24.55,-8.0,22.8,
AddVertex, 24.55,-8.0,20.5,
AddVertex, 24.55,-8.17,20.5
AddVertex, 24.55,-8.17,22.8
AddVertex, 24.55,-8.0,22.8,
AddVertex, 24.55,-8.0,20.5,
AddVertex, 24.16,-8.0,20.5,
AddVertex, 24.16,-8.0,22.8,
AddFace, 3,2,1,0
AddFace, 4,5,6,7
LoadTexture, bridge2a1.png
SetEmissiveColor, 255,255,255
SetTextureCoordinates, 0, 1, 0.5
SetTextureCoordinates, 1, 0, 0.5
SetTextureCoordinates, 2, 0, 1
SetTextureCoordinates, 3, 1, 1
SetTextureCoordinates, 4, 1, 0.5
SetTextureCoordinates, 5, 0, 0.5
SetTextureCoordinates, 6, 0, 0
SetTextureCoordinates, 7, 1, 0
Translate,-14.7,5.43,0

CreateMeshBuilder,
AddVertex, 24.55,-8.0,22.8,
AddVertex, 24.55,-8.0,20.5,
AddVertex, 24.55,-8.17,20.5
AddVertex, 24.55,-8.17,22.8
AddVertex, 24.55,-8.0,22.8,
AddVertex, 24.55,-8.0,20.5,
AddVertex, 24.16,-8.0,20.5,
AddVertex, 24.16,-8.0,22.8,
AddFace, 3,2,1,0
AddFace, 4,5,6,7
LoadTexture, bridge2a1.png
SetEmissiveColor, 255,255,255
SetTextureCoordinates, 0, 1, 0.5
SetTextureCoordinates, 1, 0, 0.5
SetTextureCoordinates, 2, 0, 1
SetTextureCoordinates, 3, 1, 1
SetTextureCoordinates, 4, 1, 0.5
SetTextureCoordinates, 5, 0, 0.5
SetTextureCoordinates, 6, 0, 0
SetTextureCoordinates, 7, 1, 0
Translate,-15.09,5.59,0

CreateMeshBuilder,
AddVertex, 24.55,-8.0,22.8,
AddVertex, 24.55,-8.0,20.5,
AddVertex, 24.55,-8.17,20.5
AddVertex, 24.55,-8.17,22.8
AddVertex, 24.55,-8.0,22.8,
AddVertex, 24.55,-8.0,20.5,
AddVertex, 24.16,-8.0,20.5,
AddVertex, 24.16,-8.0,22.8,
AddFace, 3,2,1,0
AddFace, 4,5,6,7
LoadTexture, bridge2a1.png
SetEmissiveColor, 255,255,255
SetTextureCoordinates, 0, 1, 0.5
SetTextureCoordinates, 1, 0, 0.5
SetTextureCoordinates, 2, 0, 1
SetTextureCoordinates, 3, 1, 1
SetTextureCoordinates, 4, 1, 0.5
SetTextureCoordinates, 5, 0, 0.5
SetTextureCoordinates, 6, 0, 0
SetTextureCoordinates, 7, 1, 0
Translate,-15.48,5.75,0

CreateMeshBuilder,
AddVertex, 24.55,-8.0,22.8,
AddVertex, 24.55,-8.0,20.5,
AddVertex, 24.55,-8.17,20.5
AddVertex, 24.55,-8.17,22.8
AddVertex, 24.55,-8.0,22.8,
AddVertex, 24.55,-8.0,20.5,
AddVertex, 21.75,-8.0,20.5,
AddVertex, 21.75,-8.0,22.8,
AddFace, 3,2,1,0
AddFace, 4,5,6,7
LoadTexture, bridge2a1.png
SetEmissiveColor, 255,255,255
SetTextureCoordinates, 0, 1, 0.5
SetTextureCoordinates, 1, 0, 0.5
SetTextureCoordinates, 2, 0, 1
SetTextureCoordinates, 3, 1, 1
SetTextureCoordinates, 4, 1, 0.5
SetTextureCoordinates, 5, 0, 0.5
SetTextureCoordinates, 6, 0, 0
SetTextureCoordinates, 7, 1, 0
Translate,-15.87,5.91,0

CreateMeshBuilder,
AddVertex, 24.55,-8.0,22.8,
AddVertex, 24.55,-8.0,20.5,
AddVertex, 24.55,-8.2,20.5
AddVertex, 24.55,-8.2,22.8
AddVertex, 24.55,-8.0,22.8,
AddVertex, 24.55,-8.0,20.5,
AddVertex, 24.16,-8.0,20.5,
AddVertex, 24.16,-8.0,22.8,
AddFace, 3,2,1,0
AddFace, 4,5,6,7
LoadTexture, bridge2a1.png
SetEmissiveColor, 255,255,255
SetTextureCoordinates, 0, 1, 0.5
SetTextureCoordinates, 1, 0, 0.5
SetTextureCoordinates, 2, 0, 1
SetTextureCoordinates, 3, 1, 1
SetTextureCoordinates, 4, 1, 0.5
SetTextureCoordinates, 5, 0, 0.5
SetTextureCoordinates, 6, 0, 0
SetTextureCoordinates, 7, 1, 0
Translate,-18.32,6.1,0

CreateMeshBuilder,
AddVertex, 24.55,-8.0,22.8,
AddVertex, 24.55,-8.0,20.5,
AddVertex, 24.55,-8.2,20.5
AddVertex, 24.55,-8.2,22.8
AddVertex, 24.55,-8.0,22.8,
AddVertex, 24.55,-8.0,20.5,
AddVertex, 24.16,-8.0,20.5,
AddVertex, 24.16,-8.0,22.8,
AddFace, 3,2,1,0
AddFace, 4,5,6,7
LoadTexture, bridge2a1.png
SetEmissiveColor, 255,255,255
SetTextureCoordinates, 0, 1, 0.5
SetTextureCoordinates, 1, 0, 0.5
SetTextureCoordinates, 2, 0, 1
SetTextureCoordinates, 3, 1, 1
SetTextureCoordinates, 4, 1, 0.5
SetTextureCoordinates, 5, 0, 0.5
SetTextureCoordinates, 6, 0, 0
SetTextureCoordinates, 7, 1, 0
Translate,-18.71,6.29,0

CreateMeshBuilder,
AddVertex, 24.55,-8.0,22.8,
AddVertex, 24.55,-8.0,20.5,
AddVertex, 24.55,-8.2,20.5
AddVertex, 24.55,-8.2,22.8
AddVertex, 24.55,-8.0,22.8,
AddVertex, 24.55,-8.0,20.5,
AddVertex, 24.16,-8.0,20.5,
AddVertex, 24.16,-8.0,22.8,
AddFace, 3,2,1,0
AddFace, 4,5,6,7
LoadTexture, bridge2a1.png
SetEmissiveColor, 255,255,255
SetTextureCoordinates, 0, 1, 0.5
SetTextureCoordinates, 1, 0, 0.5
SetTextureCoordinates, 2, 0, 1
SetTextureCoordinates, 3, 1, 1
SetTextureCoordinates, 4, 1, 0.5
SetTextureCoordinates, 5, 0, 0.5
SetTextureCoordinates, 6, 0, 0
SetTextureCoordinates, 7, 1, 0
Translate,-19.1,6.49,0

CreateMeshBuilder,
AddVertex, 24.55,-8.0,22.8,
AddVertex, 24.55,-8.0,20.5,
AddVertex, 24.55,-8.2,20.5
AddVertex, 24.55,-8.2,22.8
AddVertex, 24.55,-8.0,22.8,
AddVertex, 24.55,-8.0,20.5,
AddVertex, 24.16,-8.0,20.5,
AddVertex, 24.16,-8.0,22.8,
AddFace, 3,2,1,0
AddFace, 4,5,6,7
LoadTexture, bridge2a1.png
SetEmissiveColor, 255,255,255
SetTextureCoordinates, 0, 1, 0.5
SetTextureCoordinates, 1, 0, 0.5
SetTextureCoordinates, 2, 0, 1
SetTextureCoordinates, 3, 1, 1
SetTextureCoordinates, 4, 1, 0.5
SetTextureCoordinates, 5, 0, 0.5
SetTextureCoordinates, 6, 0, 0
SetTextureCoordinates, 7, 1, 0
Translate,-19.49,6.69,0

CreateMeshBuilder,
AddVertex, 24.55,-8.0,22.8,
AddVertex, 24.55,-8.0,20.5,
AddVertex, 24.55,-8.2,20.5
AddVertex, 24.55,-8.2,22.8
AddVertex, 24.55,-8.0,22.8,
AddVertex, 24.55,-8.0,20.5,
AddVertex, 24.16,-8.0,20.5,
AddVertex, 24.16,-8.0,22.8,
AddFace, 3,2,1,0
AddFace, 4,5,6,7
LoadTexture, bridge2a1.png
SetEmissiveColor, 255,255,255
SetTextureCoordinates, 0, 1, 0.5
SetTextureCoordinates, 1, 0, 0.5
SetTextureCoordinates, 2, 0, 1
SetTextureCoordinates, 3, 1, 1
SetTextureCoordinates, 4, 1, 0.5
SetTextureCoordinates, 5, 0, 0.5
SetTextureCoordinates, 6, 0, 0
SetTextureCoordinates, 7, 1, 0
Translate,-19.88,6.89,0

CreateMeshBuilder,
AddVertex, 24.55,-8.0,22.8,
AddVertex, 24.55,-8.0,20.5,
AddVertex, 24.55,-8.2,20.5
AddVertex, 24.55,-8.2,22.8
AddVertex, 24.55,-8.0,22.8,
AddVertex, 24.55,-8.0,20.5,
AddVertex, 24.16,-8.0,20.5,
AddVertex, 24.16,-8.0,22.8,
AddFace, 3,2,1,0
AddFace, 4,5,6,7
LoadTexture, bridge2a1.png
SetEmissiveColor, 255,255,255
SetTextureCoordinates, 0, 1, 0.5
SetTextureCoordinates, 1, 0, 0.5
SetTextureCoordinates, 2, 0, 1
SetTextureCoordinates, 3, 1, 1
SetTextureCoordinates, 4, 1, 0.5
SetTextureCoordinates, 5, 0, 0.5
SetTextureCoordinates, 6, 0, 0
SetTextureCoordinates, 7, 1, 0
Translate,-20.27,7.09,0

CreateMeshBuilder,
AddVertex, 24.55,-8.0,22.8,
AddVertex, 24.55,-8.0,20.5,
AddVertex, 24.55,-8.2,20.5
AddVertex, 24.55,-8.2,22.8
AddVertex, 24.55,-8.0,22.8,
AddVertex, 24.55,-8.0,20.5,
AddVertex, 24.16,-8.0,20.5,
AddVertex, 24.16,-8.0,22.8,
AddFace, 3,2,1,0
AddFace, 4,5,6,7
LoadTexture, bridge2a1.png
SetEmissiveColor, 255,255,255
SetTextureCoordinates, 0, 1, 0.5
SetTextureCoordinates, 1, 0, 0.5
SetTextureCoordinates, 2, 0, 1
SetTextureCoordinates, 3, 1, 1
SetTextureCoordinates, 4, 1, 0.5
SetTextureCoordinates, 5, 0, 0.5
SetTextureCoordinates, 6, 0, 0
SetTextureCoordinates, 7, 1, 0
Translate,-20.66,7.29,0

CreateMeshBuilder,
AddVertex, 24.55,-8.0,22.8,
AddVertex, 24.55,-8.0,20.5,
AddVertex, 24.55,-8.2,20.5
AddVertex, 24.55,-8.2,22.8
AddVertex, 24.55,-8.0,22.8,
AddVertex, 24.55,-8.0,20.5,
AddVertex, 24.16,-8.0,20.5,
AddVertex, 24.16,-8.0,22.8,
AddFace, 3,2,1,0
AddFace, 4,5,6,7
LoadTexture, bridge2a1.png
SetEmissiveColor, 255,255,255
SetTextureCoordinates, 0, 1, 0.5
SetTextureCoordinates, 1, 0, 0.5
SetTextureCoordinates, 2, 0, 1
SetTextureCoordinates, 3, 1, 1
SetTextureCoordinates, 4, 1, 0.5
SetTextureCoordinates, 5, 0, 0.5
SetTextureCoordinates, 6, 0, 0
SetTextureCoordinates, 7, 1, 0
Translate,-21.05,7.49,0

CreateMeshBuilder,
AddVertex, 24.55,-8.0,22.8,
AddVertex, 24.55,-8.0,20.5,
AddVertex, 24.55,-8.21,20.5
AddVertex, 24.55,-8.21,22.8
AddVertex, 24.55,-8.0,22.8,
AddVertex, 24.55,-8.0,20.5,
AddVertex, 24.16,-8.0,20.5,
AddVertex, 24.16,-8.0,22.8,
AddFace, 3,2,1,0
AddFace, 4,5,6,7
LoadTexture, bridge2a1.png
SetEmissiveColor, 255,255,255
SetTextureCoordinates, 0, 1, 0.5
SetTextureCoordinates, 1, 0, 0.5
SetTextureCoordinates, 2, 0, 1
SetTextureCoordinates, 3, 1, 1
SetTextureCoordinates, 4, 1, 0.5
SetTextureCoordinates, 5, 0, 0.5
SetTextureCoordinates, 6, 0, 0
SetTextureCoordinates, 7, 1, 0
Translate,-21.44,7.70,0

CreateMeshBuilder,
AddVertex, 24.55,-8.0,22.8,
AddVertex, 24.55,-8.0,20.5,
AddVertex, 24.55,-8.21,20.5
AddVertex, 24.55,-8.21,22.8
AddVertex, 24.55,-8.0,22.8,
AddVertex, 24.55,-8.0,20.5,
AddVertex, 24.16,-8.0,20.5,
AddVertex, 24.16,-8.0,22.8,
AddFace, 3,2,1,0
AddFace, 4,5,6,7
LoadTexture, bridge2a1.png
SetEmissiveColor, 255,255,255
SetTextureCoordinates, 0, 1, 0.5
SetTextureCoordinates, 1, 0, 0.5
SetTextureCoordinates, 2, 0, 1
SetTextureCoordinates, 3, 1, 1
SetTextureCoordinates, 4, 1, 0.5
SetTextureCoordinates, 5, 0, 0.5
SetTextureCoordinates, 6, 0, 0
SetTextureCoordinates, 7, 1, 0
Translate,-21.83,7.90,0

CreateMeshBuilder,
AddVertex, 24.55,-8.0,22.8,
AddVertex, 24.55,-8.0,20.5,
AddVertex, 24.55,-8.21,20.5,
AddVertex, 24.55,-8.21,22.8,
AddVertex, 24.55,-8.0,22.8,
AddVertex, 24.55,-8.0,20.5,
AddVertex, 24.16,-8.0,20.5,
AddVertex, 24.16,-8.0,22.8,
AddFace, 3,2,1,0
AddFace, 4,5,6,7
LoadTexture, bridge2a1.png
SetEmissiveColor, 255,255,255
SetTextureCoordinates, 0, 1, 0.5
SetTextureCoordinates, 1, 0, 0.5
SetTextureCoordinates, 2, 0, 1
SetTextureCoordinates, 3, 1, 1
SetTextureCoordinates, 4, 1, 0.5
SetTextureCoordinates, 5, 0, 0.5
SetTextureCoordinates, 6, 0, 0
SetTextureCoordinates, 7, 1, 0
Translate,-22.22,8.11,0

CreateMeshBuilder,
AddVertex, 24.55,-8.0,22.8,
AddVertex, 24.55,-8.0,20.5,
AddVertex, 24.55,-8.21,20.5,
AddVertex, 24.55,-8.21,22.8
AddVertex, 24.55,-8.0,22.8,
AddVertex, 24.55,-8.0,20.5,
AddVertex, 22.6,-7.8,20.5,
AddVertex, 22.6,-7.8,22.8,
AddFace, 3,2,1,0
AddFace, 4,5,6,7
LoadTexture, bridge2a1.png
SetEmissiveColor, 255,255,255
SetTextureCoordinates, 0, 1, 0.5
SetTextureCoordinates, 1, 0, 0.5
SetTextureCoordinates, 2, 0, 1
SetTextureCoordinates, 3, 1, 1
SetTextureCoordinates, 4, 1, 0.5
SetTextureCoordinates, 5, 0, 0.5
SetTextureCoordinates, 6, 0, 0
SetTextureCoordinates, 7, 1, 0
Translate,-22.61,8.32,0
;;

;;right;;
CreateMeshBuilder,
AddVertex, 60,0.6,46,0,1,0
AddVertex, 4,5.0,46,0,1,0
AddVertex, 4,0.8,46,0,1,0
AddVertex, 60,-4.2,46,0,1,0
AddFace2,  0, 1, 2, 3
LoadTexture, bridge2e.png
SetEmissiveColor, 255,255,255
SetTextureCoordinates, 0, 0, 0
SetTextureCoordinates, 1, 10, 0
SetTextureCoordinates, 2, 10, 0.73
SetTextureCoordinates, 3, 0, 0.73
SetDecalTransparentColor, 0,0,255
translate,-4,-0.8,0

CreateMeshBuilder,
AddVertex, 60,0.6,49.9,0,1,0
AddVertex, 4,5.0,49.9,0,1,0
AddVertex, 4,0.8,49.9,0,1,0
AddVertex, 60,-4.2,49.9,0,1,0
AddFace2,  0, 1, 2, 3
LoadTexture, bridge2g.png
SetEmissiveColor, 255,255,255
SetTextureCoordinates, 0, 0, 0
SetTextureCoordinates, 1, 10, 0
SetTextureCoordinates, 2, 10, 0.73
SetTextureCoordinates, 3, 0, 0.73
SetDecalTransparentColor, 0,0,255
translate,-4,-0.8,0

CreateMeshBuilder,
AddVertex, 66,0.6,46,0,1,0
AddVertex, 60,0.6,46,0,1,0
AddVertex, 60,-4.2,46,0,1,0
AddVertex, 66,-4.2,46,0,1,0
AddFace2,  0, 1, 2, 3
LoadTexture, bridge2e.png
SetEmissiveColor, 255,255,255
SetTextureCoordinates, 0, 0, 0
SetTextureCoordinates, 1, 1, 0
SetTextureCoordinates, 2, 1, 0.73
SetTextureCoordinates, 3, 0, 0.73
SetDecalTransparentColor, 0,0,255
translate,-4,-0.8,0

CreateMeshBuilder,
AddVertex, 60,0.6,49.9,0,1,0
AddVertex, 60,0.6,54,0,1,0
AddVertex, 60,-4.2,54,0,1,0
AddVertex, 60,-4.2,49.9,0,1,0
AddFace2,  0, 1, 2, 3
LoadTexture, bridge2g.png
SetEmissiveColor, 255,255,255
SetTextureCoordinates, 0, 0, 0
SetTextureCoordinates, 1, 1, 0
SetTextureCoordinates, 2, 1, 0.73
SetTextureCoordinates, 3, 0, 0.73
SetDecalTransparentColor, 0,0,255
translate,-4,-0.8,0

CreateMeshBuilder,
AddVertex, 66,0.6,46,0,1,0
AddVertex, 66,0.6,54,0,1,0
AddVertex, 66,-4.2,54,0,1,0
AddVertex, 66,-4.2,46,0,1,0
AddFace2,  0, 1, 2, 3
LoadTexture, bridge2e.png
SetEmissiveColor, 255,255,255
SetTextureCoordinates, 0, 0, 0
SetTextureCoordinates, 1, 2, 0
SetTextureCoordinates, 2, 2, 0.73
SetTextureCoordinates, 3, 0, 0.73
SetDecalTransparentColor, 0,0,255
translate,-4,-0.8,0

CreateMeshBuilder,
AddVertex, 66,0.8,54,0,1,0
AddVertex, 70,1.8,54,0,1,0
AddVertex, 70,-5,54,0,1,0
AddVertex, 66,-6,54,0,1,0
AddFace2,  0, 1, 2, 3
LoadTexture, bridge2c.png
SetEmissiveColor, 255,255,255
SetTextureCoordinates, 0, 0.6, 0
SetTextureCoordinates, 1, 0, 0
SetTextureCoordinates, 2, 0, 1
SetTextureCoordinates, 3, 0.6, 1
SetDecalTransparentColor, 0,0,255
translate,-4,-0.8,0

CreateMeshBuilder,
AddVertex, 70,-0.6,54,0,1,0
AddVertex, 77,-0.6,54,0,1,0
AddVertex, 77,-7.4,54,0,1,0
AddVertex, 70,-7,54,0,1,0
AddFace2,  0, 1, 2, 3
LoadTexture, bridge2a.png
SetEmissiveColor, 255,255,255
SetTextureCoordinates, 0, 1, 0
SetTextureCoordinates, 1, 0, 0
SetTextureCoordinates, 2, 0, 1
SetTextureCoordinates, 3, 1, 1
SetDecalTransparentColor, 0,0,255
translate,-4,-0.8,0

CreateMeshBuilder,
AddVertex, 60,0.6,57,0,1,0
AddVertex, 66,0.6,57,0,1,0
AddVertex, 66,-4.15,57,0,1,0
AddVertex, 60,-4.15,57,0,1,0
AddFace2,  0, 1, 2, 3
LoadTexture, bridge2g.png
SetEmissiveColor, 255,255,255
SetTextureCoordinates, 0, 1, 0
SetTextureCoordinates, 1, 0, 0
SetTextureCoordinates, 2, 0, 0.73
SetTextureCoordinates, 3, 1, 0.73
SetDecalTransparentColor, 0,0,255
translate,-4,-0.8,0

CreateMeshBuilder,
AddVertex, 66,0.8,57,0,1,0
AddVertex, 70,1.8,57,0,1,0
AddVertex, 70,-5,57,0,1,0
AddVertex, 66,-6,57,0,1,0
AddFace2,  0, 1, 2, 3
LoadTexture, bridge2c.png
SetEmissiveColor, 255,255,255
SetTextureCoordinates, 0, 0.6, 0
SetTextureCoordinates, 1, 0, 0
SetTextureCoordinates, 2, 0, 1
SetTextureCoordinates, 3, 0.6, 1
SetDecalTransparentColor, 0,0,255
translate,-4,-0.8,0

CreateMeshBuilder,
AddVertex, 70,-0.6,57,0,1,0
AddVertex, 77,-0.6,57,0,1,0
AddVertex, 77,-7.4,57,0,1,0
AddVertex, 70,-7,57,0,1,0
AddFace2,  0, 1, 2, 3
LoadTexture, bridge2a.png
SetEmissiveColor, 255,255,255
SetTextureCoordinates, 0, 1, 0
SetTextureCoordinates, 1, 0, 0
SetTextureCoordinates, 2, 0, 1
SetTextureCoordinates, 3, 1, 1
SetDecalTransparentColor, 0,0,255
translate,-4,-0.8,0

CreateMeshBuilder,
AddVertex, 8,-2.7,54,0,1,0
AddVertex, 60,0.6,54,0,1,0
AddVertex, 60,-4.15,54,0,1,0
AddVertex, 8,-7.45,54,0,1,0
AddFace2,  0, 1, 2, 3
LoadTexture, bridge2g.png
SetEmissiveColor, 255,255,255
SetTextureCoordinates, 0, 9, 0
SetTextureCoordinates, 2, 0, 0.73
SetTextureCoordinates, 1, 0, 0
SetTextureCoordinates, 3, 9, 0.73
SetDecalTransparentColor, 0,0,255
translate,-4,-0.8,0

CreateMeshBuilder,
AddVertex, 8,-2.7,57,0,1,0
AddVertex, 60,0.6,57,0,1,0
AddVertex, 60,-4.15,57,0,1,0
AddVertex, 8,-7.45,57,0,1,0
AddFace2,  0, 1, 2, 3
LoadTexture, bridge2g.png
SetEmissiveColor, 255,255,255
SetTextureCoordinates, 0, 9, 0
SetTextureCoordinates, 1, 0, 0
SetTextureCoordinates, 2, 0, 0.73
SetTextureCoordinates, 3, 9, 0.73
SetDecalTransparentColor, 0,0,255
translate,-4,-0.8,0

;;bridge go down;;

CreateMeshBuilder,
AddVertex, -1,5.0,-10,0,1,0
AddVertex, -50,0.5,-9.3,0,1,0
AddVertex, -50,-4.3,-9.3,0,1,0
AddVertex, -1,0.8,-10,0,1,0
AddFace2,  0, 1, 2, 3
LoadTexture, bridge2e.png
SetEmissiveColor, 255,255,255
SetTextureCoordinates, 0, 0, 0
SetTextureCoordinates, 1, 9, 0
SetTextureCoordinates, 2, 9, 0.73
SetTextureCoordinates, 3, 0, 0.73
SetDecalTransparentColor, 0,0,255
translate,-4,-0.8,0

CreateMeshBuilder,
AddVertex, -1,3.8,-15,0,1,0
AddVertex, -50,0.3,-14.3,0,1,0
AddVertex, -50,0.3,-9.3,0,1,0
AddVertex, -1,4.8,-10,0,1,0
AddFace2,  0, 1, 2, 3
LoadTexture, bridge2f.png
SetEmissiveColor, 255,255,255
SetTextureCoordinates, 0, 0, 0
SetTextureCoordinates, 1, 9, 0
SetTextureCoordinates, 2, 9, 1
SetTextureCoordinates, 3, 0, 1
SetDecalTransparentColor, 0,0,255
translate,-4,-0.8,0

CreateMeshBuilder,
AddVertex, -1,3.7,-15,0,1,0
AddVertex, -50,0.2,-14.3,0,1,0
AddVertex, -50,0.3,-9.3,0,1,0
AddVertex, -1,5.1,-10,0,1,0
AddFace2,  0, 1, 2, 3
LoadTexture, bridge1b.png
SetEmissiveColor, 255,255,255
SetTextureCoordinates, 0, 0, 0
SetTextureCoordinates, 1, 9, 0
SetTextureCoordinates, 2, 9, 1
SetTextureCoordinates, 3, 0, 1
SetDecalTransparentColor, 0,0,255
translate,-4,-5,0

CreateMeshBuilder,
AddVertex, -1,4.0,-10.5,0,1,0
AddVertex, -50,-1.0,-9.8,0,1,0
AddVertex, -50,0.1,-9.3,0,1,0
AddVertex, -1,5.2,-10,0,1,0
AddFace2,  0, 1, 2, 3
LoadTexture, bridge2e.png
SetEmissiveColor, 255,255,255
SetTextureCoordinates, 0, 0, 0.9
SetTextureCoordinates, 1, 3, 0.9
SetTextureCoordinates, 2, 3, 0.73
SetTextureCoordinates, 3, 0, 0.73
SetDecalTransparentColor, 0,0,255
translate,-4,-5.2,0

CreateMeshBuilder,
AddVertex, -1,3.7,-15,0,1,0
AddVertex, -50,-1.0,-14.5,0,1,0
AddVertex, -50,-1.0,-9.8,0,1,0
AddVertex, -1,4.0,-10.5,0,1,0
AddFace2,  0, 1, 2, 3
LoadTexture, bridge2e.png
SetEmissiveColor, 255,255,255
SetTextureCoordinates, 0, 0, 1.0
SetTextureCoordinates, 1, 3, 1.0
SetTextureCoordinates, 2, 3, 0.915
SetTextureCoordinates, 3, 0, 0.915
SetDecalTransparentColor, 0,0,255
translate,-4,-5.2,0

CreateMeshBuilder,
AddVertex, -1,4,-10,0,1,0
AddVertex, -50,0.5,-9.3,0,1,0
AddVertex, -50,-4.3,-9.3,0,1,0
AddVertex, -1,-0.7,-10,0,1,0
AddFace, 0, 1, 2, 3
LoadTexture, bridge2e.png
SetColor,132,120,120
SetTextureCoordinates, 0, 0, 0
SetTextureCoordinates, 1, 9, 0
SetTextureCoordinates, 2, 9, 0.73
SetTextureCoordinates, 3, 0, 0.73
SetDecalTransparentColor, 0,0,255
translate,-4,-0.8,-5

CreateMeshBuilder,
AddVertex, -1,4.5,-10,0,1,0
AddVertex, -50,0.5,-9.3,0,1,0
AddVertex, -50,-4.3,-9.3,0,1,0
AddVertex, -1,-0.7,-10,0,1,0
AddFace, 3, 2, 1, 0
LoadTexture, bridge2e.png
SetTextureCoordinates, 0, 0, 0
SetTextureCoordinates, 1, 9, 0
SetTextureCoordinates, 2, 9, 0.73
SetTextureCoordinates, 3, 0, 0.73
SetDecalTransparentColor, 0,0,255
translate,-4,-0.8,-5

RotateAll, 0,1,0,90