; --- segment 0 ---

CreateMeshBuilder
AddVertex,-0.866,0.000,0.247
AddVertex,-0.769,0.000,0.219
AddVertex,-0.607,0.000,1.192
AddVertex,-0.511,0.000,1.167
Addface,2,3,1,0
GenerateNormals
LoadTexture,railthin.png
SetTextureCoordinates,0,1.200,7.000
SetTextureCoordinates,1,0.000,7.000
SetTextureCoordinates,2,1.200,0.000
SetTextureCoordinates,3,0.000,0.000
GenerateNormals
CreateMeshBuilder
AddVertex,0.654,0.000,-0.186
AddVertex,0.750,0.000,-0.214
AddVertex,0.921,0.000,0.793
AddVertex,1.018,0.000,0.767
Addface,2,3,1,0
GenerateNormals
LoadTexture,railthin.png
SetTextureCoordinates,0,1.200,7.000
SetTextureCoordinates,1,0.000,7.000
SetTextureCoordinates,2,1.200,0.000
SetTextureCoordinates,3,0.000,0.000
CreateMeshBuilder
AddVertex,-0.769,0.000,0.219
AddVertex,-0.769,-0.170,0.219
AddVertex,-0.511,0.000,1.167
AddVertex,-0.511,-0.170,1.167
Addface2,2,3,1,0
setColor,81,75,67
CreateMeshBuilder
AddVertex,-0.866,0.000,0.247
AddVertex,-0.866,-0.170,0.247
AddVertex,-0.607,0.000,1.192
AddVertex,-0.607,-0.170,1.192
Addface2,2,3,1,0
setColor,81,75,67
CreateMeshBuilder
AddVertex,0.654,0.000,-0.186
AddVertex,0.654,-0.170,-0.186
AddVertex,0.921,0.000,0.793
AddVertex,0.921,-0.170,0.793
Addface2,2,3,1,0
setColor,81,75,67
CreateMeshBuilder
AddVertex,0.750,0.000,-0.214
AddVertex,0.750,-0.170,-0.214
AddVertex,1.018,0.000,0.767
AddVertex,1.018,-0.170,0.767
Addface2,2,3,1,0
setColor,81,75,67
GenerateNormals
CreateMeshBuilder
AddVertex,-1.298,-0.170,0.370
AddVertex,1.298,-0.170,-0.370
AddVertex,-1.043,-0.170,1.306
AddVertex,1.570,-0.170,0.623
Addface,2,3,1,0
GenerateNormals
LoadTexture,Rail.png
SetTextureCoordinates,0,1.020,0.300
SetTextureCoordinates,1,-0.020,0.300
SetTextureCoordinates,2,1.020,0.000
SetTextureCoordinates,3,-0.020,0.000
CreateMeshBuilder
AddVertex,-2.693,-0.400,0.768
AddVertex,-1.298,-0.170,0.370
AddVertex,-2.446,-0.400,1.672
AddVertex,-1.043,-0.170,1.306
Addface,2,3,1,0
GenerateNormals
LoadTexture,stone.png
SetTextureCoordinates,0,1.200,0.400
SetTextureCoordinates,1,0.000,0.400
SetTextureCoordinates,2,1.200,0.000
SetTextureCoordinates,3,0.000,0.000
CreateMeshBuilder
AddVertex,1.298,-0.170,-0.370
AddVertex,2.693,-0.400,-0.768
AddVertex,1.570,-0.170,0.623
AddVertex,2.973,-0.400,0.257
Addface,2,3,1,0
GenerateNormals
LoadTexture,stone.png
SetTextureCoordinates,0,1.200,0.400
SetTextureCoordinates,1,0.000,0.400
SetTextureCoordinates,2,1.200,0.000
SetTextureCoordinates,3,0.000,0.000

; --- segment 1 ---

CreateMeshBuilder
AddVertex,-0.607,0.000,1.192
AddVertex,-0.511,0.000,1.167
AddVertex,-0.370,0.000,2.143
AddVertex,-0.273,0.000,2.120
Addface,2,3,1,0
GenerateNormals
LoadTexture,railthin.png
SetTextureCoordinates,0,1.200,7.000
SetTextureCoordinates,1,0.000,7.000
SetTextureCoordinates,2,1.200,0.000
SetTextureCoordinates,3,0.000,0.000
GenerateNormals
CreateMeshBuilder
AddVertex,0.921,0.000,0.793
AddVertex,1.018,0.000,0.767
AddVertex,1.167,0.000,1.778
AddVertex,1.264,0.000,1.755
Addface,2,3,1,0
GenerateNormals
LoadTexture,railthin.png
SetTextureCoordinates,0,1.200,7.000
SetTextureCoordinates,1,0.000,7.000
SetTextureCoordinates,2,1.200,0.000
SetTextureCoordinates,3,0.000,0.000
CreateMeshBuilder
AddVertex,-0.511,0.000,1.167
AddVertex,-0.511,-0.170,1.167
AddVertex,-0.273,0.000,2.120
AddVertex,-0.273,-0.170,2.120
Addface2,2,3,1,0
setColor,81,75,67
CreateMeshBuilder
AddVertex,-0.607,0.000,1.192
AddVertex,-0.607,-0.170,1.192
AddVertex,-0.370,0.000,2.143
AddVertex,-0.370,-0.170,2.143
Addface2,2,3,1,0
setColor,81,75,67
CreateMeshBuilder
AddVertex,0.921,0.000,0.793
AddVertex,0.921,-0.170,0.793
AddVertex,1.167,0.000,1.778
AddVertex,1.167,-0.170,1.778
Addface2,2,3,1,0
setColor,81,75,67
CreateMeshBuilder
AddVertex,1.018,0.000,0.767
AddVertex,1.018,-0.170,0.767
AddVertex,1.264,0.000,1.755
AddVertex,1.264,-0.170,1.755
Addface2,2,3,1,0
setColor,81,75,67
GenerateNormals
CreateMeshBuilder
AddVertex,-1.043,-0.170,1.306
AddVertex,1.570,-0.170,0.623
AddVertex,-0.808,-0.170,2.247
AddVertex,1.819,-0.170,1.623
Addface,2,3,1,0
GenerateNormals
LoadTexture,Rail.png
SetTextureCoordinates,0,1.020,0.300
SetTextureCoordinates,1,-0.020,0.300
SetTextureCoordinates,2,1.020,0.000
SetTextureCoordinates,3,-0.020,0.000
CreateMeshBuilder
AddVertex,-2.446,-0.400,1.672
AddVertex,-1.043,-0.170,1.306
AddVertex,-2.219,-0.400,2.582
AddVertex,-0.808,-0.170,2.247
Addface,2,3,1,0
GenerateNormals
LoadTexture,stone.png
SetTextureCoordinates,0,1.200,0.400
SetTextureCoordinates,1,0.000,0.400
SetTextureCoordinates,2,1.200,0.000
SetTextureCoordinates,3,0.000,0.000
CreateMeshBuilder
AddVertex,1.570,-0.170,0.623
AddVertex,2.973,-0.400,0.257
AddVertex,1.819,-0.170,1.623
AddVertex,3.230,-0.400,1.287
Addface,2,3,1,0
GenerateNormals
LoadTexture,stone.png
SetTextureCoordinates,0,1.200,0.400
SetTextureCoordinates,1,0.000,0.400
SetTextureCoordinates,2,1.200,0.000
SetTextureCoordinates,3,0.000,0.000

; --- segment 2 ---

CreateMeshBuilder
AddVertex,-0.370,0.000,2.143
AddVertex,-0.273,0.000,2.120
AddVertex,-0.154,0.000,3.099
AddVertex,-0.056,0.000,3.078
Addface,2,3,1,0
GenerateNormals
LoadTexture,railthin.png
SetTextureCoordinates,0,1.200,7.000
SetTextureCoordinates,1,0.000,7.000
SetTextureCoordinates,2,1.200,0.000
SetTextureCoordinates,3,0.000,0.000
GenerateNormals
CreateMeshBuilder
AddVertex,1.167,0.000,1.778
AddVertex,1.264,0.000,1.755
AddVertex,1.391,0.000,2.768
AddVertex,1.489,0.000,2.747
Addface,2,3,1,0
GenerateNormals
LoadTexture,railthin.png
SetTextureCoordinates,0,1.200,7.000
SetTextureCoordinates,1,0.000,7.000
SetTextureCoordinates,2,1.200,0.000
SetTextureCoordinates,3,0.000,0.000
CreateMeshBuilder
AddVertex,-0.273,0.000,2.120
AddVertex,-0.273,-0.170,2.120
AddVertex,-0.056,0.000,3.078
AddVertex,-0.056,-0.170,3.078
Addface2,2,3,1,0
setColor,81,75,67
CreateMeshBuilder
AddVertex,-0.370,0.000,2.143
AddVertex,-0.370,-0.170,2.143
AddVertex,-0.154,0.000,3.099
AddVertex,-0.154,-0.170,3.099
Addface2,2,3,1,0
setColor,81,75,67
CreateMeshBuilder
AddVertex,1.167,0.000,1.778
AddVertex,1.167,-0.170,1.778
AddVertex,1.391,0.000,2.768
AddVertex,1.391,-0.170,2.768
Addface2,2,3,1,0
setColor,81,75,67
CreateMeshBuilder
AddVertex,1.264,0.000,1.755
AddVertex,1.264,-0.170,1.755
AddVertex,1.489,0.000,2.747
AddVertex,1.489,-0.170,2.747
Addface2,2,3,1,0
setColor,81,75,67
GenerateNormals
CreateMeshBuilder
AddVertex,-0.808,-0.170,2.247
AddVertex,1.819,-0.170,1.623
AddVertex,-0.594,-0.170,3.193
AddVertex,2.046,-0.170,2.627
Addface,2,3,1,0
GenerateNormals
LoadTexture,Rail.png
SetTextureCoordinates,0,1.020,0.300
SetTextureCoordinates,1,-0.020,0.300
SetTextureCoordinates,2,1.020,0.000
SetTextureCoordinates,3,-0.020,0.000
CreateMeshBuilder
AddVertex,-2.219,-0.400,2.582
AddVertex,-0.808,-0.170,2.247
AddVertex,-2.012,-0.400,3.497
AddVertex,-0.594,-0.170,3.193
Addface,2,3,1,0
GenerateNormals
LoadTexture,stone.png
SetTextureCoordinates,0,1.200,0.400
SetTextureCoordinates,1,0.000,0.400
SetTextureCoordinates,2,1.200,0.000
SetTextureCoordinates,3,0.000,0.000
CreateMeshBuilder
AddVertex,1.819,-0.170,1.623
AddVertex,3.230,-0.400,1.287
AddVertex,2.046,-0.170,2.627
AddVertex,3.464,-0.400,2.324
Addface,2,3,1,0
GenerateNormals
LoadTexture,stone.png
SetTextureCoordinates,0,1.200,0.400
SetTextureCoordinates,1,0.000,0.400
SetTextureCoordinates,2,1.200,0.000
SetTextureCoordinates,3,0.000,0.000

; --- segment 3 ---

CreateMeshBuilder
AddVertex,-0.154,0.000,3.099
AddVertex,-0.056,0.000,3.078
AddVertex,0.041,0.000,4.059
AddVertex,0.139,0.000,4.041
Addface,2,3,1,0
GenerateNormals
LoadTexture,railthin.png
SetTextureCoordinates,0,1.200,7.000
SetTextureCoordinates,1,0.000,7.000
SetTextureCoordinates,2,1.200,0.000
SetTextureCoordinates,3,0.000,0.000
GenerateNormals
CreateMeshBuilder
AddVertex,1.391,0.000,2.768
AddVertex,1.489,0.000,2.747
AddVertex,1.592,0.000,3.763
AddVertex,1.691,0.000,3.744
Addface,2,3,1,0
GenerateNormals
LoadTexture,railthin.png
SetTextureCoordinates,0,1.200,7.000
SetTextureCoordinates,1,0.000,7.000
SetTextureCoordinates,2,1.200,0.000
SetTextureCoordinates,3,0.000,0.000
CreateMeshBuilder
AddVertex,-0.056,0.000,3.078
AddVertex,-0.056,-0.170,3.078
AddVertex,0.139,0.000,4.041
AddVertex,0.139,-0.170,4.041
Addface2,2,3,1,0
setColor,81,75,67
CreateMeshBuilder
AddVertex,-0.154,0.000,3.099
AddVertex,-0.154,-0.170,3.099
AddVertex,0.041,0.000,4.059
AddVertex,0.041,-0.170,4.059
Addface2,2,3,1,0
setColor,81,75,67
CreateMeshBuilder
AddVertex,1.391,0.000,2.768
AddVertex,1.391,-0.170,2.768
AddVertex,1.592,0.000,3.763
AddVertex,1.592,-0.170,3.763
Addface2,2,3,1,0
setColor,81,75,67
CreateMeshBuilder
AddVertex,1.489,0.000,2.747
AddVertex,1.489,-0.170,2.747
AddVertex,1.691,0.000,3.744
AddVertex,1.691,-0.170,3.744
Addface2,2,3,1,0
setColor,81,75,67
GenerateNormals
CreateMeshBuilder
AddVertex,-0.594,-0.170,3.193
AddVertex,2.046,-0.170,2.627
AddVertex,-0.401,-0.170,4.144
AddVertex,2.251,-0.170,3.637
Addface,2,3,1,0
GenerateNormals
LoadTexture,Rail.png
SetTextureCoordinates,0,1.020,0.300
SetTextureCoordinates,1,-0.020,0.300
SetTextureCoordinates,2,1.020,0.000
SetTextureCoordinates,3,-0.020,0.000
CreateMeshBuilder
AddVertex,-2.012,-0.400,3.497
AddVertex,-0.594,-0.170,3.193
AddVertex,-1.826,-0.400,4.416
AddVertex,-0.401,-0.170,4.144
Addface,2,3,1,0
GenerateNormals
LoadTexture,stone.png
SetTextureCoordinates,0,1.200,0.400
SetTextureCoordinates,1,0.000,0.400
SetTextureCoordinates,2,1.200,0.000
SetTextureCoordinates,3,0.000,0.000
CreateMeshBuilder
AddVertex,2.046,-0.170,2.627
AddVertex,3.464,-0.400,2.324
AddVertex,2.251,-0.170,3.637
AddVertex,3.675,-0.400,3.365
Addface,2,3,1,0
GenerateNormals
LoadTexture,stone.png
SetTextureCoordinates,0,1.200,0.400
SetTextureCoordinates,1,0.000,0.400
SetTextureCoordinates,2,1.200,0.000
SetTextureCoordinates,3,0.000,0.000

; --- segment 4 ---

CreateMeshBuilder
AddVertex,0.041,0.000,4.059
AddVertex,0.139,0.000,4.041
AddVertex,0.214,0.000,5.024
AddVertex,0.313,0.000,5.007
Addface,2,3,1,0
GenerateNormals
LoadTexture,railthin.png
SetTextureCoordinates,0,1.200,7.000
SetTextureCoordinates,1,0.000,7.000
SetTextureCoordinates,2,1.200,0.000
SetTextureCoordinates,3,0.000,0.000
GenerateNormals
CreateMeshBuilder
AddVertex,1.592,0.000,3.763
AddVertex,1.691,0.000,3.744
AddVertex,1.772,0.000,4.762
AddVertex,1.871,0.000,4.745
Addface,2,3,1,0
GenerateNormals
LoadTexture,railthin.png
SetTextureCoordinates,0,1.200,7.000
SetTextureCoordinates,1,0.000,7.000
SetTextureCoordinates,2,1.200,0.000
SetTextureCoordinates,3,0.000,0.000
CreateMeshBuilder
AddVertex,0.139,0.000,4.041
AddVertex,0.139,-0.170,4.041
AddVertex,0.313,0.000,5.007
AddVertex,0.313,-0.170,5.007
Addface2,2,3,1,0
setColor,81,75,67
CreateMeshBuilder
AddVertex,0.041,0.000,4.059
AddVertex,0.041,-0.170,4.059
AddVertex,0.214,0.000,5.024
AddVertex,0.214,-0.170,5.024
Addface2,2,3,1,0
setColor,81,75,67
CreateMeshBuilder
AddVertex,1.592,0.000,3.763
AddVertex,1.592,-0.170,3.763
AddVertex,1.772,0.000,4.762
AddVertex,1.772,-0.170,4.762
Addface2,2,3,1,0
setColor,81,75,67
CreateMeshBuilder
AddVertex,1.691,0.000,3.744
AddVertex,1.691,-0.170,3.744
AddVertex,1.871,0.000,4.745
AddVertex,1.871,-0.170,4.745
Addface2,2,3,1,0
setColor,81,75,67
GenerateNormals
CreateMeshBuilder
AddVertex,-0.401,-0.170,4.144
AddVertex,2.251,-0.170,3.637
AddVertex,-0.230,-0.170,5.099
AddVertex,2.433,-0.170,4.651
Addface,2,3,1,0
GenerateNormals
LoadTexture,Rail.png
SetTextureCoordinates,0,1.020,0.300
SetTextureCoordinates,1,-0.020,0.300
SetTextureCoordinates,2,1.020,0.000
SetTextureCoordinates,3,-0.020,0.000
CreateMeshBuilder
AddVertex,-1.826,-0.400,4.416
AddVertex,-0.401,-0.170,4.144
AddVertex,-1.660,-0.400,5.339
AddVertex,-0.230,-0.170,5.099
Addface,2,3,1,0
GenerateNormals
LoadTexture,stone.png
SetTextureCoordinates,0,1.200,0.400
SetTextureCoordinates,1,0.000,0.400
SetTextureCoordinates,2,1.200,0.000
SetTextureCoordinates,3,0.000,0.000
CreateMeshBuilder
AddVertex,2.251,-0.170,3.637
AddVertex,3.675,-0.400,3.365
AddVertex,2.433,-0.170,4.651
AddVertex,3.863,-0.400,4.410
Addface,2,3,1,0
GenerateNormals
LoadTexture,stone.png
SetTextureCoordinates,0,1.200,0.400
SetTextureCoordinates,1,0.000,0.400
SetTextureCoordinates,2,1.200,0.000
SetTextureCoordinates,3,0.000,0.000

; --- segment 5 ---

CreateMeshBuilder
AddVertex,0.214,0.000,5.024
AddVertex,0.313,0.000,5.007
AddVertex,0.366,0.000,5.992
AddVertex,0.465,0.000,5.978
Addface,2,3,1,0
GenerateNormals
LoadTexture,railthin.png
SetTextureCoordinates,0,1.200,7.000
SetTextureCoordinates,1,0.000,7.000
SetTextureCoordinates,2,1.200,0.000
SetTextureCoordinates,3,0.000,0.000
GenerateNormals
CreateMeshBuilder
AddVertex,1.772,0.000,4.762
AddVertex,1.871,0.000,4.745
AddVertex,1.929,0.000,5.765
AddVertex,2.028,0.000,5.750
Addface,2,3,1,0
GenerateNormals
LoadTexture,railthin.png
SetTextureCoordinates,0,1.200,7.000
SetTextureCoordinates,1,0.000,7.000
SetTextureCoordinates,2,1.200,0.000
SetTextureCoordinates,3,0.000,0.000
CreateMeshBuilder
AddVertex,0.313,0.000,5.007
AddVertex,0.313,-0.170,5.007
AddVertex,0.465,0.000,5.978
AddVertex,0.465,-0.170,5.978
Addface2,2,3,1,0
setColor,81,75,67
CreateMeshBuilder
AddVertex,0.214,0.000,5.024
AddVertex,0.214,-0.170,5.024
AddVertex,0.366,0.000,5.992
AddVertex,0.366,-0.170,5.992
Addface2,2,3,1,0
setColor,81,75,67
CreateMeshBuilder
AddVertex,1.772,0.000,4.762
AddVertex,1.772,-0.170,4.762
AddVertex,1.929,0.000,5.765
AddVertex,1.929,-0.170,5.765
Addface2,2,3,1,0
setColor,81,75,67
CreateMeshBuilder
AddVertex,1.871,0.000,4.745
AddVertex,1.871,-0.170,4.745
AddVertex,2.028,0.000,5.750
AddVertex,2.028,-0.170,5.750
Addface2,2,3,1,0
setColor,81,75,67
GenerateNormals
CreateMeshBuilder
AddVertex,-0.230,-0.170,5.099
AddVertex,2.433,-0.170,4.651
AddVertex,-0.080,-0.170,6.057
AddVertex,2.592,-0.170,5.668
Addface,2,3,1,0
GenerateNormals
LoadTexture,Rail.png
SetTextureCoordinates,0,1.020,0.300
SetTextureCoordinates,1,-0.020,0.300
SetTextureCoordinates,2,1.020,0.000
SetTextureCoordinates,3,-0.020,0.000
CreateMeshBuilder
AddVertex,-1.660,-0.400,5.339
AddVertex,-0.230,-0.170,5.099
AddVertex,-1.514,-0.400,6.265
AddVertex,-0.080,-0.170,6.057
Addface,2,3,1,0
GenerateNormals
LoadTexture,stone.png
SetTextureCoordinates,0,1.200,0.400
SetTextureCoordinates,1,0.000,0.400
SetTextureCoordinates,2,1.200,0.000
SetTextureCoordinates,3,0.000,0.000
CreateMeshBuilder
AddVertex,2.433,-0.170,4.651
AddVertex,3.863,-0.400,4.410
AddVertex,2.592,-0.170,5.668
AddVertex,4.027,-0.400,5.459
Addface,2,3,1,0
GenerateNormals
LoadTexture,stone.png
SetTextureCoordinates,0,1.200,0.400
SetTextureCoordinates,1,0.000,0.400
SetTextureCoordinates,2,1.200,0.000
SetTextureCoordinates,3,0.000,0.000

; --- segment 6 ---

CreateMeshBuilder
AddVertex,0.366,0.000,5.992
AddVertex,0.465,0.000,5.978
AddVertex,0.496,0.000,6.963
AddVertex,0.595,0.000,6.951
Addface,2,3,1,0
GenerateNormals
LoadTexture,railthin.png
SetTextureCoordinates,0,1.200,7.000
SetTextureCoordinates,1,0.000,7.000
SetTextureCoordinates,2,1.200,0.000
SetTextureCoordinates,3,0.000,0.000
GenerateNormals
CreateMeshBuilder
AddVertex,1.929,0.000,5.765
AddVertex,2.028,0.000,5.750
AddVertex,2.064,0.000,6.771
AddVertex,2.163,0.000,6.758
Addface,2,3,1,0
GenerateNormals
LoadTexture,railthin.png
SetTextureCoordinates,0,1.200,7.000
SetTextureCoordinates,1,0.000,7.000
SetTextureCoordinates,2,1.200,0.000
SetTextureCoordinates,3,0.000,0.000
CreateMeshBuilder
AddVertex,0.465,0.000,5.978
AddVertex,0.465,-0.170,5.978
AddVertex,0.595,0.000,6.951
AddVertex,0.595,-0.170,6.951
Addface2,2,3,1,0
setColor,81,75,67
CreateMeshBuilder
AddVertex,0.366,0.000,5.992
AddVertex,0.366,-0.170,5.992
AddVertex,0.496,0.000,6.963
AddVertex,0.496,-0.170,6.963
Addface2,2,3,1,0
setColor,81,75,67
CreateMeshBuilder
AddVertex,1.929,0.000,5.765
AddVertex,1.929,-0.170,5.765
AddVertex,2.064,0.000,6.771
AddVertex,2.064,-0.170,6.771
Addface2,2,3,1,0
setColor,81,75,67
CreateMeshBuilder
AddVertex,2.028,0.000,5.750
AddVertex,2.028,-0.170,5.750
AddVertex,2.163,0.000,6.758
AddVertex,2.163,-0.170,6.758
Addface2,2,3,1,0
setColor,81,75,67
GenerateNormals
CreateMeshBuilder
AddVertex,-0.080,-0.170,6.057
AddVertex,2.592,-0.170,5.668
AddVertex,0.049,-0.170,7.018
AddVertex,2.729,-0.170,6.689
Addface,2,3,1,0
GenerateNormals
LoadTexture,Rail.png
SetTextureCoordinates,0,1.020,0.300
SetTextureCoordinates,1,-0.020,0.300
SetTextureCoordinates,2,1.020,0.000
SetTextureCoordinates,3,-0.020,0.000
CreateMeshBuilder
AddVertex,-1.514,-0.400,6.265
AddVertex,-0.080,-0.170,6.057
AddVertex,-1.390,-0.400,7.195
AddVertex,0.049,-0.170,7.018
Addface,2,3,1,0
GenerateNormals
LoadTexture,stone.png
SetTextureCoordinates,0,1.200,0.400
SetTextureCoordinates,1,0.000,0.400
SetTextureCoordinates,2,1.200,0.000
SetTextureCoordinates,3,0.000,0.000
CreateMeshBuilder
AddVertex,2.592,-0.170,5.668
AddVertex,4.027,-0.400,5.459
AddVertex,2.729,-0.170,6.689
AddVertex,4.168,-0.400,6.512
Addface,2,3,1,0
GenerateNormals
LoadTexture,stone.png
SetTextureCoordinates,0,1.200,0.400
SetTextureCoordinates,1,0.000,0.400
SetTextureCoordinates,2,1.200,0.000
SetTextureCoordinates,3,0.000,0.000

; --- segment 7 ---

CreateMeshBuilder
AddVertex,0.496,0.000,6.963
AddVertex,0.595,0.000,6.951
AddVertex,0.605,0.000,7.937
AddVertex,0.704,0.000,7.927
Addface,2,3,1,0
GenerateNormals
LoadTexture,railthin.png
SetTextureCoordinates,0,1.200,7.000
SetTextureCoordinates,1,0.000,7.000
SetTextureCoordinates,2,1.200,0.000
SetTextureCoordinates,3,0.000,0.000
GenerateNormals
CreateMeshBuilder
AddVertex,2.064,0.000,6.771
AddVertex,2.163,0.000,6.758
AddVertex,2.177,0.000,7.779
AddVertex,2.276,0.000,7.769
Addface,2,3,1,0
GenerateNormals
LoadTexture,railthin.png
SetTextureCoordinates,0,1.200,7.000
SetTextureCoordinates,1,0.000,7.000
SetTextureCoordinates,2,1.200,0.000
SetTextureCoordinates,3,0.000,0.000
CreateMeshBuilder
AddVertex,0.595,0.000,6.951
AddVertex,0.595,-0.170,6.951
AddVertex,0.704,0.000,7.927
AddVertex,0.704,-0.170,7.927
Addface2,2,3,1,0
setColor,81,75,67
CreateMeshBuilder
AddVertex,0.496,0.000,6.963
AddVertex,0.496,-0.170,6.963
AddVertex,0.605,0.000,7.937
AddVertex,0.605,-0.170,7.937
Addface2,2,3,1,0
setColor,81,75,67
CreateMeshBuilder
AddVertex,2.064,0.000,6.771
AddVertex,2.064,-0.170,6.771
AddVertex,2.177,0.000,7.779
AddVertex,2.177,-0.170,7.779
Addface2,2,3,1,0
setColor,81,75,67
CreateMeshBuilder
AddVertex,2.163,0.000,6.758
AddVertex,2.163,-0.170,6.758
AddVertex,2.276,0.000,7.769
AddVertex,2.276,-0.170,7.769
Addface2,2,3,1,0
setColor,81,75,67
GenerateNormals
CreateMeshBuilder
AddVertex,0.049,-0.170,7.018
AddVertex,2.729,-0.170,6.689
AddVertex,0.157,-0.170,7.982
AddVertex,2.843,-0.170,7.713
Addface,2,3,1,0
GenerateNormals
LoadTexture,Rail.png
SetTextureCoordinates,0,1.020,0.300
SetTextureCoordinates,1,-0.020,0.300
SetTextureCoordinates,2,1.020,0.000
SetTextureCoordinates,3,-0.020,0.000
CreateMeshBuilder
AddVertex,-1.390,-0.400,7.195
AddVertex,0.049,-0.170,7.018
AddVertex,-1.286,-0.400,8.127
AddVertex,0.157,-0.170,7.982
Addface,2,3,1,0
GenerateNormals
LoadTexture,stone.png
SetTextureCoordinates,0,1.200,0.400
SetTextureCoordinates,1,0.000,0.400
SetTextureCoordinates,2,1.200,0.000
SetTextureCoordinates,3,0.000,0.000
CreateMeshBuilder
AddVertex,2.729,-0.170,6.689
AddVertex,4.168,-0.400,6.512
AddVertex,2.843,-0.170,7.713
AddVertex,4.286,-0.400,7.568
Addface,2,3,1,0
GenerateNormals
LoadTexture,stone.png
SetTextureCoordinates,0,1.200,0.400
SetTextureCoordinates,1,0.000,0.400
SetTextureCoordinates,2,1.200,0.000
SetTextureCoordinates,3,0.000,0.000

; --- segment 8 ---

CreateMeshBuilder
AddVertex,0.605,0.000,7.937
AddVertex,0.704,0.000,7.927
AddVertex,0.692,0.000,8.913
AddVertex,0.791,0.000,8.906
Addface,2,3,1,0
GenerateNormals
LoadTexture,railthin.png
SetTextureCoordinates,0,1.200,7.000
SetTextureCoordinates,1,0.000,7.000
SetTextureCoordinates,2,1.200,0.000
SetTextureCoordinates,3,0.000,0.000
GenerateNormals
CreateMeshBuilder
AddVertex,2.177,0.000,7.779
AddVertex,2.276,0.000,7.769
AddVertex,2.267,0.000,8.791
AddVertex,2.367,0.000,8.783
Addface,2,3,1,0
GenerateNormals
LoadTexture,railthin.png
SetTextureCoordinates,0,1.200,7.000
SetTextureCoordinates,1,0.000,7.000
SetTextureCoordinates,2,1.200,0.000
SetTextureCoordinates,3,0.000,0.000
CreateMeshBuilder
AddVertex,0.704,0.000,7.927
AddVertex,0.704,-0.170,7.927
AddVertex,0.791,0.000,8.906
AddVertex,0.791,-0.170,8.906
Addface2,2,3,1,0
setColor,81,75,67
CreateMeshBuilder
AddVertex,0.605,0.000,7.937
AddVertex,0.605,-0.170,7.937
AddVertex,0.692,0.000,8.913
AddVertex,0.692,-0.170,8.913
Addface2,2,3,1,0
setColor,81,75,67
CreateMeshBuilder
AddVertex,2.177,0.000,7.779
AddVertex,2.177,-0.170,7.779
AddVertex,2.267,0.000,8.791
AddVertex,2.267,-0.170,8.791
Addface2,2,3,1,0
setColor,81,75,67
CreateMeshBuilder
AddVertex,2.276,0.000,7.769
AddVertex,2.276,-0.170,7.769
AddVertex,2.367,0.000,8.783
AddVertex,2.367,-0.170,8.783
Addface2,2,3,1,0
setColor,81,75,67
GenerateNormals
CreateMeshBuilder
AddVertex,0.157,-0.170,7.982
AddVertex,2.843,-0.170,7.713
AddVertex,0.243,-0.170,8.948
AddVertex,2.935,-0.170,8.739
Addface,2,3,1,0
GenerateNormals
LoadTexture,Rail.png
SetTextureCoordinates,0,1.020,0.300
SetTextureCoordinates,1,-0.020,0.300
SetTextureCoordinates,2,1.020,0.000
SetTextureCoordinates,3,-0.020,0.000
CreateMeshBuilder
AddVertex,-1.286,-0.400,8.127
AddVertex,0.157,-0.170,7.982
AddVertex,-1.203,-0.400,9.061
AddVertex,0.243,-0.170,8.948
Addface,2,3,1,0
GenerateNormals
LoadTexture,stone.png
SetTextureCoordinates,0,1.200,0.400
SetTextureCoordinates,1,0.000,0.400
SetTextureCoordinates,2,1.200,0.000
SetTextureCoordinates,3,0.000,0.000
CreateMeshBuilder
AddVertex,2.843,-0.170,7.713
AddVertex,4.286,-0.400,7.568
AddVertex,2.935,-0.170,8.739
AddVertex,4.380,-0.400,8.626
Addface,2,3,1,0
GenerateNormals
LoadTexture,stone.png
SetTextureCoordinates,0,1.200,0.400
SetTextureCoordinates,1,0.000,0.400
SetTextureCoordinates,2,1.200,0.000
SetTextureCoordinates,3,0.000,0.000

; --- segment 9 ---

CreateMeshBuilder
AddVertex,0.692,0.000,8.913
AddVertex,0.791,0.000,8.906
AddVertex,0.757,0.000,9.891
AddVertex,0.857,0.000,9.886
Addface,2,3,1,0
GenerateNormals
LoadTexture,railthin.png
SetTextureCoordinates,0,1.200,7.000
SetTextureCoordinates,1,0.000,7.000
SetTextureCoordinates,2,1.200,0.000
SetTextureCoordinates,3,0.000,0.000
GenerateNormals
CreateMeshBuilder
AddVertex,2.267,0.000,8.791
AddVertex,2.367,0.000,8.783
AddVertex,2.335,0.000,9.803
AddVertex,2.434,0.000,9.798
Addface,2,3,1,0
GenerateNormals
LoadTexture,railthin.png
SetTextureCoordinates,0,1.200,7.000
SetTextureCoordinates,1,0.000,7.000
SetTextureCoordinates,2,1.200,0.000
SetTextureCoordinates,3,0.000,0.000
CreateMeshBuilder
AddVertex,0.791,0.000,8.906
AddVertex,0.791,-0.170,8.906
AddVertex,0.857,0.000,9.886
AddVertex,0.857,-0.170,9.886
Addface2,2,3,1,0
setColor,81,75,67
CreateMeshBuilder
AddVertex,0.692,0.000,8.913
AddVertex,0.692,-0.170,8.913
AddVertex,0.757,0.000,9.891
AddVertex,0.757,-0.170,9.891
Addface2,2,3,1,0
setColor,81,75,67
CreateMeshBuilder
AddVertex,2.267,0.000,8.791
AddVertex,2.267,-0.170,8.791
AddVertex,2.335,0.000,9.803
AddVertex,2.335,-0.170,9.803
Addface2,2,3,1,0
setColor,81,75,67
CreateMeshBuilder
AddVertex,2.367,0.000,8.783
AddVertex,2.367,-0.170,8.783
AddVertex,2.434,0.000,9.798
AddVertex,2.434,-0.170,9.798
Addface2,2,3,1,0
setColor,81,75,67
GenerateNormals
CreateMeshBuilder
AddVertex,0.243,-0.170,8.948
AddVertex,2.935,-0.170,8.739
AddVertex,0.308,-0.170,9.916
AddVertex,3.003,-0.170,9.766
Addface,2,3,1,0
GenerateNormals
LoadTexture,Rail.png
SetTextureCoordinates,0,1.020,0.300
SetTextureCoordinates,1,-0.020,0.300
SetTextureCoordinates,2,1.020,0.000
SetTextureCoordinates,3,-0.020,0.000
CreateMeshBuilder
AddVertex,-1.203,-0.400,9.061
AddVertex,0.243,-0.170,8.948
AddVertex,-1.140,-0.400,9.997
AddVertex,0.308,-0.170,9.916
Addface,2,3,1,0
GenerateNormals
LoadTexture,stone.png
SetTextureCoordinates,0,1.200,0.400
SetTextureCoordinates,1,0.000,0.400
SetTextureCoordinates,2,1.200,0.000
SetTextureCoordinates,3,0.000,0.000
CreateMeshBuilder
AddVertex,2.935,-0.170,8.739
AddVertex,4.380,-0.400,8.626
AddVertex,3.003,-0.170,9.766
AddVertex,4.451,-0.400,9.686
Addface,2,3,1,0
GenerateNormals
LoadTexture,stone.png
SetTextureCoordinates,0,1.200,0.400
SetTextureCoordinates,1,0.000,0.400
SetTextureCoordinates,2,1.200,0.000
SetTextureCoordinates,3,0.000,0.000

; --- segment 10 ---

CreateMeshBuilder
AddVertex,0.757,0.000,9.891
AddVertex,0.857,0.000,9.886
AddVertex,0.800,0.000,10.870
AddVertex,0.900,0.000,10.867
Addface,2,3,1,0
GenerateNormals
LoadTexture,railthin.png
SetTextureCoordinates,0,1.200,7.000
SetTextureCoordinates,1,0.000,7.000
SetTextureCoordinates,2,1.200,0.000
SetTextureCoordinates,3,0.000,0.000
GenerateNormals
CreateMeshBuilder
AddVertex,2.335,0.000,9.803
AddVertex,2.434,0.000,9.798
AddVertex,2.380,0.000,10.817
AddVertex,2.480,0.000,10.814
Addface,2,3,1,0
GenerateNormals
LoadTexture,railthin.png
SetTextureCoordinates,0,1.200,7.000
SetTextureCoordinates,1,0.000,7.000
SetTextureCoordinates,2,1.200,0.000
SetTextureCoordinates,3,0.000,0.000
CreateMeshBuilder
AddVertex,0.857,0.000,9.886
AddVertex,0.857,-0.170,9.886
AddVertex,0.900,0.000,10.867
AddVertex,0.900,-0.170,10.867
Addface2,2,3,1,0
setColor,81,75,67
CreateMeshBuilder
AddVertex,0.757,0.000,9.891
AddVertex,0.757,-0.170,9.891
AddVertex,0.800,0.000,10.870
AddVertex,0.800,-0.170,10.870
Addface2,2,3,1,0
setColor,81,75,67
CreateMeshBuilder
AddVertex,2.335,0.000,9.803
AddVertex,2.335,-0.170,9.803
AddVertex,2.380,0.000,10.817
AddVertex,2.380,-0.170,10.817
Addface2,2,3,1,0
setColor,81,75,67
CreateMeshBuilder
AddVertex,2.434,0.000,9.798
AddVertex,2.434,-0.170,9.798
AddVertex,2.480,0.000,10.814
AddVertex,2.480,-0.170,10.814
Addface2,2,3,1,0
setColor,81,75,67
GenerateNormals
CreateMeshBuilder
AddVertex,0.308,-0.170,9.916
AddVertex,3.003,-0.170,9.766
AddVertex,0.351,-0.170,10.885
AddVertex,3.049,-0.170,10.795
Addface,2,3,1,0
GenerateNormals
LoadTexture,Rail.png
SetTextureCoordinates,0,1.020,0.300
SetTextureCoordinates,1,-0.020,0.300
SetTextureCoordinates,2,1.020,0.000
SetTextureCoordinates,3,-0.020,0.000
CreateMeshBuilder
AddVertex,-1.140,-0.400,9.997
AddVertex,0.308,-0.170,9.916
AddVertex,-1.098,-0.400,10.933
AddVertex,0.351,-0.170,10.885
Addface,2,3,1,0
GenerateNormals
LoadTexture,stone.png
SetTextureCoordinates,0,1.200,0.400
SetTextureCoordinates,1,0.000,0.400
SetTextureCoordinates,2,1.200,0.000
SetTextureCoordinates,3,0.000,0.000
CreateMeshBuilder
AddVertex,3.003,-0.170,9.766
AddVertex,4.451,-0.400,9.686
AddVertex,3.049,-0.170,10.795
AddVertex,4.498,-0.400,10.747
Addface,2,3,1,0
GenerateNormals
LoadTexture,stone.png
SetTextureCoordinates,0,1.200,0.400
SetTextureCoordinates,1,0.000,0.400
SetTextureCoordinates,2,1.200,0.000
SetTextureCoordinates,3,0.000,0.000

; --- segment 11 ---

CreateMeshBuilder
AddVertex,0.800,0.000,10.870
AddVertex,0.900,0.000,10.867
AddVertex,0.822,0.000,11.850
AddVertex,0.922,0.000,11.849
Addface,2,3,1,0
GenerateNormals
LoadTexture,railthin.png
SetTextureCoordinates,0,1.200,7.000
SetTextureCoordinates,1,0.000,7.000
SetTextureCoordinates,2,1.200,0.000
SetTextureCoordinates,3,0.000,0.000
GenerateNormals
CreateMeshBuilder
AddVertex,2.380,0.000,10.817
AddVertex,2.480,0.000,10.814
AddVertex,2.402,0.000,11.832
AddVertex,2.502,0.000,11.831
Addface,2,3,1,0
GenerateNormals
LoadTexture,railthin.png
SetTextureCoordinates,0,1.200,7.000
SetTextureCoordinates,1,0.000,7.000
SetTextureCoordinates,2,1.200,0.000
SetTextureCoordinates,3,0.000,0.000
CreateMeshBuilder
AddVertex,0.900,0.000,10.867
AddVertex,0.900,-0.170,10.867
AddVertex,0.922,0.000,11.849
AddVertex,0.922,-0.170,11.849
Addface2,2,3,1,0
setColor,81,75,67
CreateMeshBuilder
AddVertex,0.800,0.000,10.870
AddVertex,0.800,-0.170,10.870
AddVertex,0.822,0.000,11.850
AddVertex,0.822,-0.170,11.850
Addface2,2,3,1,0
setColor,81,75,67
CreateMeshBuilder
AddVertex,2.380,0.000,10.817
AddVertex,2.380,-0.170,10.817
AddVertex,2.402,0.000,11.832
AddVertex,2.402,-0.170,11.832
Addface2,2,3,1,0
setColor,81,75,67
CreateMeshBuilder
AddVertex,2.480,0.000,10.814
AddVertex,2.480,-0.170,10.814
AddVertex,2.502,0.000,11.831
AddVertex,2.502,-0.170,11.831
Addface2,2,3,1,0
setColor,81,75,67
GenerateNormals
CreateMeshBuilder
AddVertex,0.351,-0.170,10.885
AddVertex,3.049,-0.170,10.795
AddVertex,0.372,-0.170,11.855
AddVertex,3.072,-0.170,11.825
Addface,2,3,1,0
GenerateNormals
LoadTexture,Rail.png
SetTextureCoordinates,0,1.020,0.300
SetTextureCoordinates,1,-0.020,0.300
SetTextureCoordinates,2,1.020,0.000
SetTextureCoordinates,3,-0.020,0.000
CreateMeshBuilder
AddVertex,-1.098,-0.400,10.933
AddVertex,0.351,-0.170,10.885
AddVertex,-1.078,-0.400,11.871
AddVertex,0.372,-0.170,11.855
Addface,2,3,1,0
GenerateNormals
LoadTexture,stone.png
SetTextureCoordinates,0,1.200,0.400
SetTextureCoordinates,1,0.000,0.400
SetTextureCoordinates,2,1.200,0.000
SetTextureCoordinates,3,0.000,0.000
CreateMeshBuilder
AddVertex,3.049,-0.170,10.795
AddVertex,4.498,-0.400,10.747
AddVertex,3.072,-0.170,11.825
AddVertex,4.522,-0.400,11.809
Addface,2,3,1,0
GenerateNormals
LoadTexture,stone.png
SetTextureCoordinates,0,1.200,0.400
SetTextureCoordinates,1,0.000,0.400
SetTextureCoordinates,2,1.200,0.000
SetTextureCoordinates,3,0.000,0.000

; --- segment 12 ---

CreateMeshBuilder
AddVertex,0.822,0.000,11.850
AddVertex,0.922,0.000,11.849
AddVertex,0.822,0.000,12.830
AddVertex,0.922,0.000,12.831
Addface,2,3,1,0
GenerateNormals
LoadTexture,railthin.png
SetTextureCoordinates,0,1.200,7.000
SetTextureCoordinates,1,0.000,7.000
SetTextureCoordinates,2,1.200,0.000
SetTextureCoordinates,3,0.000,0.000
GenerateNormals
CreateMeshBuilder
AddVertex,2.402,0.000,11.832
AddVertex,2.502,0.000,11.831
AddVertex,2.402,0.000,12.847
AddVertex,2.502,0.000,12.849
Addface,2,3,1,0
GenerateNormals
LoadTexture,railthin.png
SetTextureCoordinates,0,1.200,7.000
SetTextureCoordinates,1,0.000,7.000
SetTextureCoordinates,2,1.200,0.000
SetTextureCoordinates,3,0.000,0.000
CreateMeshBuilder
AddVertex,0.922,0.000,11.849
AddVertex,0.922,-0.170,11.849
AddVertex,0.922,0.000,12.831
AddVertex,0.922,-0.170,12.831
Addface2,2,3,1,0
setColor,81,75,67
CreateMeshBuilder
AddVertex,0.822,0.000,11.850
AddVertex,0.822,-0.170,11.850
AddVertex,0.822,0.000,12.830
AddVertex,0.822,-0.170,12.830
Addface2,2,3,1,0
setColor,81,75,67
CreateMeshBuilder
AddVertex,2.402,0.000,11.832
AddVertex,2.402,-0.170,11.832
AddVertex,2.402,0.000,12.847
AddVertex,2.402,-0.170,12.847
Addface2,2,3,1,0
setColor,81,75,67
CreateMeshBuilder
AddVertex,2.502,0.000,11.831
AddVertex,2.502,-0.170,11.831
AddVertex,2.502,0.000,12.849
AddVertex,2.502,-0.170,12.849
Addface2,2,3,1,0
setColor,81,75,67
GenerateNormals
CreateMeshBuilder
AddVertex,0.372,-0.170,11.855
AddVertex,3.072,-0.170,11.825
AddVertex,0.372,-0.170,12.825
AddVertex,3.072,-0.170,12.855
Addface,2,3,1,0
GenerateNormals
LoadTexture,Rail.png
SetTextureCoordinates,0,1.020,0.300
SetTextureCoordinates,1,-0.020,0.300
SetTextureCoordinates,2,1.020,0.000
SetTextureCoordinates,3,-0.020,0.000
CreateMeshBuilder
AddVertex,-1.078,-0.400,11.871
AddVertex,0.372,-0.170,11.855
AddVertex,-1.078,-0.400,12.809
AddVertex,0.372,-0.170,12.825
Addface,2,3,1,0
GenerateNormals
LoadTexture,stone.png
SetTextureCoordinates,0,1.200,0.400
SetTextureCoordinates,1,0.000,0.400
SetTextureCoordinates,2,1.200,0.000
SetTextureCoordinates,3,0.000,0.000
CreateMeshBuilder
AddVertex,3.072,-0.170,11.825
AddVertex,4.522,-0.400,11.809
AddVertex,3.072,-0.170,12.855
AddVertex,4.522,-0.400,12.871
Addface,2,3,1,0
GenerateNormals
LoadTexture,stone.png
SetTextureCoordinates,0,1.200,0.400
SetTextureCoordinates,1,0.000,0.400
SetTextureCoordinates,2,1.200,0.000
SetTextureCoordinates,3,0.000,0.000

; --- segment 13 ---

CreateMeshBuilder
AddVertex,0.822,0.000,12.830
AddVertex,0.922,0.000,12.831
AddVertex,0.800,0.000,13.810
AddVertex,0.900,0.000,13.813
Addface,2,3,1,0
GenerateNormals
LoadTexture,railthin.png
SetTextureCoordinates,0,1.200,7.000
SetTextureCoordinates,1,0.000,7.000
SetTextureCoordinates,2,1.200,0.000
SetTextureCoordinates,3,0.000,0.000
GenerateNormals
CreateMeshBuilder
AddVertex,2.402,0.000,12.847
AddVertex,2.502,0.000,12.849
AddVertex,2.380,0.000,13.862
AddVertex,2.480,0.000,13.866
Addface,2,3,1,0
GenerateNormals
LoadTexture,railthin.png
SetTextureCoordinates,0,1.200,7.000
SetTextureCoordinates,1,0.000,7.000
SetTextureCoordinates,2,1.200,0.000
SetTextureCoordinates,3,0.000,0.000
CreateMeshBuilder
AddVertex,0.922,0.000,12.831
AddVertex,0.922,-0.170,12.831
AddVertex,0.900,0.000,13.813
AddVertex,0.900,-0.170,13.813
Addface2,2,3,1,0
setColor,81,75,67
CreateMeshBuilder
AddVertex,0.822,0.000,12.830
AddVertex,0.822,-0.170,12.830
AddVertex,0.800,0.000,13.810
AddVertex,0.800,-0.170,13.810
Addface2,2,3,1,0
setColor,81,75,67
CreateMeshBuilder
AddVertex,2.402,0.000,12.847
AddVertex,2.402,-0.170,12.847
AddVertex,2.380,0.000,13.862
AddVertex,2.380,-0.170,13.862
Addface2,2,3,1,0
setColor,81,75,67
CreateMeshBuilder
AddVertex,2.502,0.000,12.849
AddVertex,2.502,-0.170,12.849
AddVertex,2.480,0.000,13.866
AddVertex,2.480,-0.170,13.866
Addface2,2,3,1,0
setColor,81,75,67
GenerateNormals
CreateMeshBuilder
AddVertex,0.372,-0.170,12.825
AddVertex,3.072,-0.170,12.855
AddVertex,0.351,-0.170,13.795
AddVertex,3.049,-0.170,13.885
Addface,2,3,1,0
GenerateNormals
LoadTexture,Rail.png
SetTextureCoordinates,0,1.020,0.300
SetTextureCoordinates,1,-0.020,0.300
SetTextureCoordinates,2,1.020,0.000
SetTextureCoordinates,3,-0.020,0.000
CreateMeshBuilder
AddVertex,-1.078,-0.400,12.809
AddVertex,0.372,-0.170,12.825
AddVertex,-1.098,-0.400,13.746
AddVertex,0.351,-0.170,13.795
Addface,2,3,1,0
GenerateNormals
LoadTexture,stone.png
SetTextureCoordinates,0,1.200,0.400
SetTextureCoordinates,1,0.000,0.400
SetTextureCoordinates,2,1.200,0.000
SetTextureCoordinates,3,0.000,0.000
CreateMeshBuilder
AddVertex,3.072,-0.170,12.855
AddVertex,4.522,-0.400,12.871
AddVertex,3.049,-0.170,13.885
AddVertex,4.498,-0.400,13.933
Addface,2,3,1,0
GenerateNormals
LoadTexture,stone.png
SetTextureCoordinates,0,1.200,0.400
SetTextureCoordinates,1,0.000,0.400
SetTextureCoordinates,2,1.200,0.000
SetTextureCoordinates,3,0.000,0.000

; --- segment 14 ---

CreateMeshBuilder
AddVertex,0.800,0.000,13.810
AddVertex,0.900,0.000,13.813
AddVertex,0.757,0.000,14.789
AddVertex,0.857,0.000,14.794
Addface,2,3,1,0
GenerateNormals
LoadTexture,railthin.png
SetTextureCoordinates,0,1.200,7.000
SetTextureCoordinates,1,0.000,7.000
SetTextureCoordinates,2,1.200,0.000
SetTextureCoordinates,3,0.000,0.000
GenerateNormals
CreateMeshBuilder
AddVertex,2.380,0.000,13.862
AddVertex,2.480,0.000,13.866
AddVertex,2.335,0.000,14.876
AddVertex,2.434,0.000,14.882
Addface,2,3,1,0
GenerateNormals
LoadTexture,railthin.png
SetTextureCoordinates,0,1.200,7.000
SetTextureCoordinates,1,0.000,7.000
SetTextureCoordinates,2,1.200,0.000
SetTextureCoordinates,3,0.000,0.000
CreateMeshBuilder
AddVertex,0.900,0.000,13.813
AddVertex,0.900,-0.170,13.813
AddVertex,0.857,0.000,14.794
AddVertex,0.857,-0.170,14.794
Addface2,2,3,1,0
setColor,81,75,67
CreateMeshBuilder
AddVertex,0.800,0.000,13.810
AddVertex,0.800,-0.170,13.810
AddVertex,0.757,0.000,14.789
AddVertex,0.757,-0.170,14.789
Addface2,2,3,1,0
setColor,81,75,67
CreateMeshBuilder
AddVertex,2.380,0.000,13.862
AddVertex,2.380,-0.170,13.862
AddVertex,2.335,0.000,14.876
AddVertex,2.335,-0.170,14.876
Addface2,2,3,1,0
setColor,81,75,67
CreateMeshBuilder
AddVertex,2.480,0.000,13.866
AddVertex,2.480,-0.170,13.866
AddVertex,2.434,0.000,14.882
AddVertex,2.434,-0.170,14.882
Addface2,2,3,1,0
setColor,81,75,67
GenerateNormals
CreateMeshBuilder
AddVertex,0.351,-0.170,13.795
AddVertex,3.049,-0.170,13.885
AddVertex,0.308,-0.170,14.764
AddVertex,3.003,-0.170,14.914
Addface,2,3,1,0
GenerateNormals
LoadTexture,Rail.png
SetTextureCoordinates,0,1.020,0.300
SetTextureCoordinates,1,-0.020,0.300
SetTextureCoordinates,2,1.020,0.000
SetTextureCoordinates,3,-0.020,0.000
CreateMeshBuilder
AddVertex,-1.098,-0.400,13.746
AddVertex,0.351,-0.170,13.795
AddVertex,-1.140,-0.400,14.683
AddVertex,0.308,-0.170,14.764
Addface,2,3,1,0
GenerateNormals
LoadTexture,stone.png
SetTextureCoordinates,0,1.200,0.400
SetTextureCoordinates,1,0.000,0.400
SetTextureCoordinates,2,1.200,0.000
SetTextureCoordinates,3,0.000,0.000
CreateMeshBuilder
AddVertex,3.049,-0.170,13.885
AddVertex,4.498,-0.400,13.933
AddVertex,3.003,-0.170,14.914
AddVertex,4.451,-0.400,14.994
Addface,2,3,1,0
GenerateNormals
LoadTexture,stone.png
SetTextureCoordinates,0,1.200,0.400
SetTextureCoordinates,1,0.000,0.400
SetTextureCoordinates,2,1.200,0.000
SetTextureCoordinates,3,0.000,0.000

; --- segment 15 ---

CreateMeshBuilder
AddVertex,0.757,0.000,14.789
AddVertex,0.857,0.000,14.794
AddVertex,0.692,0.000,15.766
AddVertex,0.791,0.000,15.774
Addface,2,3,1,0
GenerateNormals
LoadTexture,railthin.png
SetTextureCoordinates,0,1.200,7.000
SetTextureCoordinates,1,0.000,7.000
SetTextureCoordinates,2,1.200,0.000
SetTextureCoordinates,3,0.000,0.000
GenerateNormals
CreateMeshBuilder
AddVertex,2.335,0.000,14.876
AddVertex,2.434,0.000,14.882
AddVertex,2.267,0.000,15.889
AddVertex,2.367,0.000,15.897
Addface,2,3,1,0
GenerateNormals
LoadTexture,railthin.png
SetTextureCoordinates,0,1.200,7.000
SetTextureCoordinates,1,0.000,7.000
SetTextureCoordinates,2,1.200,0.000
SetTextureCoordinates,3,0.000,0.000
CreateMeshBuilder
AddVertex,0.857,0.000,14.794
AddVertex,0.857,-0.170,14.794
AddVertex,0.791,0.000,15.774
AddVertex,0.791,-0.170,15.774
Addface2,2,3,1,0
setColor,81,75,67
CreateMeshBuilder
AddVertex,0.757,0.000,14.789
AddVertex,0.757,-0.170,14.789
AddVertex,0.692,0.000,15.766
AddVertex,0.692,-0.170,15.766
Addface2,2,3,1,0
setColor,81,75,67
CreateMeshBuilder
AddVertex,2.335,0.000,14.876
AddVertex,2.335,-0.170,14.876
AddVertex,2.267,0.000,15.889
AddVertex,2.267,-0.170,15.889
Addface2,2,3,1,0
setColor,81,75,67
CreateMeshBuilder
AddVertex,2.434,0.000,14.882
AddVertex,2.434,-0.170,14.882
AddVertex,2.367,0.000,15.897
AddVertex,2.367,-0.170,15.897
Addface2,2,3,1,0
setColor,81,75,67
GenerateNormals
CreateMeshBuilder
AddVertex,0.308,-0.170,14.764
AddVertex,3.003,-0.170,14.914
AddVertex,0.243,-0.170,15.731
AddVertex,2.935,-0.170,15.941
Addface,2,3,1,0
GenerateNormals
LoadTexture,Rail.png
SetTextureCoordinates,0,1.020,0.300
SetTextureCoordinates,1,-0.020,0.300
SetTextureCoordinates,2,1.020,0.000
SetTextureCoordinates,3,-0.020,0.000
CreateMeshBuilder
AddVertex,-1.140,-0.400,14.683
AddVertex,0.308,-0.170,14.764
AddVertex,-1.203,-0.400,15.619
AddVertex,0.243,-0.170,15.731
Addface,2,3,1,0
GenerateNormals
LoadTexture,stone.png
SetTextureCoordinates,0,1.200,0.400
SetTextureCoordinates,1,0.000,0.400
SetTextureCoordinates,2,1.200,0.000
SetTextureCoordinates,3,0.000,0.000
CreateMeshBuilder
AddVertex,3.003,-0.170,14.914
AddVertex,4.451,-0.400,14.994
AddVertex,2.935,-0.170,15.941
AddVertex,4.380,-0.400,16.054
Addface,2,3,1,0
GenerateNormals
LoadTexture,stone.png
SetTextureCoordinates,0,1.200,0.400
SetTextureCoordinates,1,0.000,0.400
SetTextureCoordinates,2,1.200,0.000
SetTextureCoordinates,3,0.000,0.000

; --- segment 16 ---

CreateMeshBuilder
AddVertex,0.692,0.000,15.766
AddVertex,0.791,0.000,15.774
AddVertex,0.605,0.000,16.743
AddVertex,0.704,0.000,16.753
Addface,2,3,1,0
GenerateNormals
LoadTexture,railthin.png
SetTextureCoordinates,0,1.200,7.000
SetTextureCoordinates,1,0.000,7.000
SetTextureCoordinates,2,1.200,0.000
SetTextureCoordinates,3,0.000,0.000
GenerateNormals
CreateMeshBuilder
AddVertex,2.267,0.000,15.889
AddVertex,2.367,0.000,15.897
AddVertex,2.177,0.000,16.900
AddVertex,2.276,0.000,16.910
Addface,2,3,1,0
GenerateNormals
LoadTexture,railthin.png
SetTextureCoordinates,0,1.200,7.000
SetTextureCoordinates,1,0.000,7.000
SetTextureCoordinates,2,1.200,0.000
SetTextureCoordinates,3,0.000,0.000
CreateMeshBuilder
AddVertex,0.791,0.000,15.774
AddVertex,0.791,-0.170,15.774
AddVertex,0.704,0.000,16.753
AddVertex,0.704,-0.170,16.753
Addface2,2,3,1,0
setColor,81,75,67
CreateMeshBuilder
AddVertex,0.692,0.000,15.766
AddVertex,0.692,-0.170,15.766
AddVertex,0.605,0.000,16.743
AddVertex,0.605,-0.170,16.743
Addface2,2,3,1,0
setColor,81,75,67
CreateMeshBuilder
AddVertex,2.267,0.000,15.889
AddVertex,2.267,-0.170,15.889
AddVertex,2.177,0.000,16.900
AddVertex,2.177,-0.170,16.900
Addface2,2,3,1,0
setColor,81,75,67
CreateMeshBuilder
AddVertex,2.367,0.000,15.897
AddVertex,2.367,-0.170,15.897
AddVertex,2.276,0.000,16.910
AddVertex,2.276,-0.170,16.910
Addface2,2,3,1,0
setColor,81,75,67
GenerateNormals
CreateMeshBuilder
AddVertex,0.243,-0.170,15.731
AddVertex,2.935,-0.170,15.941
AddVertex,0.157,-0.170,16.698
AddVertex,2.843,-0.170,16.967
Addface,2,3,1,0
GenerateNormals
LoadTexture,Rail.png
SetTextureCoordinates,0,1.020,0.300
SetTextureCoordinates,1,-0.020,0.300
SetTextureCoordinates,2,1.020,0.000
SetTextureCoordinates,3,-0.020,0.000
CreateMeshBuilder
AddVertex,-1.203,-0.400,15.619
AddVertex,0.243,-0.170,15.731
AddVertex,-1.286,-0.400,16.553
AddVertex,0.157,-0.170,16.698
Addface,2,3,1,0
GenerateNormals
LoadTexture,stone.png
SetTextureCoordinates,0,1.200,0.400
SetTextureCoordinates,1,0.000,0.400
SetTextureCoordinates,2,1.200,0.000
SetTextureCoordinates,3,0.000,0.000
CreateMeshBuilder
AddVertex,2.935,-0.170,15.941
AddVertex,4.380,-0.400,16.054
AddVertex,2.843,-0.170,16.967
AddVertex,4.286,-0.400,17.112
Addface,2,3,1,0
GenerateNormals
LoadTexture,stone.png
SetTextureCoordinates,0,1.200,0.400
SetTextureCoordinates,1,0.000,0.400
SetTextureCoordinates,2,1.200,0.000
SetTextureCoordinates,3,0.000,0.000

; --- segment 17 ---

CreateMeshBuilder
AddVertex,0.605,0.000,16.743
AddVertex,0.704,0.000,16.753
AddVertex,0.496,0.000,17.716
AddVertex,0.595,0.000,17.729
Addface,2,3,1,0
GenerateNormals
LoadTexture,railthin.png
SetTextureCoordinates,0,1.200,7.000
SetTextureCoordinates,1,0.000,7.000
SetTextureCoordinates,2,1.200,0.000
SetTextureCoordinates,3,0.000,0.000
GenerateNormals
CreateMeshBuilder
AddVertex,2.177,0.000,16.900
AddVertex,2.276,0.000,16.910
AddVertex,2.064,0.000,17.909
AddVertex,2.163,0.000,17.921
Addface,2,3,1,0
GenerateNormals
LoadTexture,railthin.png
SetTextureCoordinates,0,1.200,7.000
SetTextureCoordinates,1,0.000,7.000
SetTextureCoordinates,2,1.200,0.000
SetTextureCoordinates,3,0.000,0.000
CreateMeshBuilder
AddVertex,0.704,0.000,16.753
AddVertex,0.704,-0.170,16.753
AddVertex,0.595,0.000,17.729
AddVertex,0.595,-0.170,17.729
Addface2,2,3,1,0
setColor,81,75,67
CreateMeshBuilder
AddVertex,0.605,0.000,16.743
AddVertex,0.605,-0.170,16.743
AddVertex,0.496,0.000,17.716
AddVertex,0.496,-0.170,17.716
Addface2,2,3,1,0
setColor,81,75,67
CreateMeshBuilder
AddVertex,2.177,0.000,16.900
AddVertex,2.177,-0.170,16.900
AddVertex,2.064,0.000,17.909
AddVertex,2.064,-0.170,17.909
Addface2,2,3,1,0
setColor,81,75,67
CreateMeshBuilder
AddVertex,2.276,0.000,16.910
AddVertex,2.276,-0.170,16.910
AddVertex,2.163,0.000,17.921
AddVertex,2.163,-0.170,17.921
Addface2,2,3,1,0
setColor,81,75,67
GenerateNormals
CreateMeshBuilder
AddVertex,0.157,-0.170,16.698
AddVertex,2.843,-0.170,16.967
AddVertex,0.049,-0.170,17.662
AddVertex,2.729,-0.170,17.991
Addface,2,3,1,0
GenerateNormals
LoadTexture,Rail.png
SetTextureCoordinates,0,1.020,0.300
SetTextureCoordinates,1,-0.020,0.300
SetTextureCoordinates,2,1.020,0.000
SetTextureCoordinates,3,-0.020,0.000
CreateMeshBuilder
AddVertex,-1.286,-0.400,16.553
AddVertex,0.157,-0.170,16.698
AddVertex,-1.390,-0.400,17.485
AddVertex,0.049,-0.170,17.662
Addface,2,3,1,0
GenerateNormals
LoadTexture,stone.png
SetTextureCoordinates,0,1.200,0.400
SetTextureCoordinates,1,0.000,0.400
SetTextureCoordinates,2,1.200,0.000
SetTextureCoordinates,3,0.000,0.000
CreateMeshBuilder
AddVertex,2.843,-0.170,16.967
AddVertex,4.286,-0.400,17.112
AddVertex,2.729,-0.170,17.991
AddVertex,4.168,-0.400,18.168
Addface,2,3,1,0
GenerateNormals
LoadTexture,stone.png
SetTextureCoordinates,0,1.200,0.400
SetTextureCoordinates,1,0.000,0.400
SetTextureCoordinates,2,1.200,0.000
SetTextureCoordinates,3,0.000,0.000

; --- segment 18 ---

CreateMeshBuilder
AddVertex,0.496,0.000,17.716
AddVertex,0.595,0.000,17.729
AddVertex,0.366,0.000,18.688
AddVertex,0.465,0.000,18.702
Addface,2,3,1,0
GenerateNormals
LoadTexture,railthin.png
SetTextureCoordinates,0,1.200,7.000
SetTextureCoordinates,1,0.000,7.000
SetTextureCoordinates,2,1.200,0.000
SetTextureCoordinates,3,0.000,0.000
GenerateNormals
CreateMeshBuilder
AddVertex,2.064,0.000,17.909
AddVertex,2.163,0.000,17.921
AddVertex,1.929,0.000,18.915
AddVertex,2.028,0.000,18.930
Addface,2,3,1,0
GenerateNormals
LoadTexture,railthin.png
SetTextureCoordinates,0,1.200,7.000
SetTextureCoordinates,1,0.000,7.000
SetTextureCoordinates,2,1.200,0.000
SetTextureCoordinates,3,0.000,0.000
CreateMeshBuilder
AddVertex,0.595,0.000,17.729
AddVertex,0.595,-0.170,17.729
AddVertex,0.465,0.000,18.702
AddVertex,0.465,-0.170,18.702
Addface2,2,3,1,0
setColor,81,75,67
CreateMeshBuilder
AddVertex,0.496,0.000,17.716
AddVertex,0.496,-0.170,17.716
AddVertex,0.366,0.000,18.688
AddVertex,0.366,-0.170,18.688
Addface2,2,3,1,0
setColor,81,75,67
CreateMeshBuilder
AddVertex,2.064,0.000,17.909
AddVertex,2.064,-0.170,17.909
AddVertex,1.929,0.000,18.915
AddVertex,1.929,-0.170,18.915
Addface2,2,3,1,0
setColor,81,75,67
CreateMeshBuilder
AddVertex,2.163,0.000,17.921
AddVertex,2.163,-0.170,17.921
AddVertex,2.028,0.000,18.930
AddVertex,2.028,-0.170,18.930
Addface2,2,3,1,0
setColor,81,75,67
GenerateNormals
CreateMeshBuilder
AddVertex,0.049,-0.170,17.662
AddVertex,2.729,-0.170,17.991
AddVertex,-0.080,-0.170,18.623
AddVertex,2.592,-0.170,19.012
Addface,2,3,1,0
GenerateNormals
LoadTexture,Rail.png
SetTextureCoordinates,0,1.020,0.300
SetTextureCoordinates,1,-0.020,0.300
SetTextureCoordinates,2,1.020,0.000
SetTextureCoordinates,3,-0.020,0.000
CreateMeshBuilder
AddVertex,-1.390,-0.400,17.485
AddVertex,0.049,-0.170,17.662
AddVertex,-1.514,-0.400,18.414
AddVertex,-0.080,-0.170,18.623
Addface,2,3,1,0
GenerateNormals
LoadTexture,stone.png
SetTextureCoordinates,0,1.200,0.400
SetTextureCoordinates,1,0.000,0.400
SetTextureCoordinates,2,1.200,0.000
SetTextureCoordinates,3,0.000,0.000
CreateMeshBuilder
AddVertex,2.729,-0.170,17.991
AddVertex,4.168,-0.400,18.168
AddVertex,2.592,-0.170,19.012
AddVertex,4.027,-0.400,19.220
Addface,2,3,1,0
GenerateNormals
LoadTexture,stone.png
SetTextureCoordinates,0,1.200,0.400
SetTextureCoordinates,1,0.000,0.400
SetTextureCoordinates,2,1.200,0.000
SetTextureCoordinates,3,0.000,0.000

; --- segment 19 ---

CreateMeshBuilder
AddVertex,0.366,0.000,18.688
AddVertex,0.465,0.000,18.702
AddVertex,0.214,0.000,19.656
AddVertex,0.313,0.000,19.672
Addface,2,3,1,0
GenerateNormals
LoadTexture,railthin.png
SetTextureCoordinates,0,1.200,7.000
SetTextureCoordinates,1,0.000,7.000
SetTextureCoordinates,2,1.200,0.000
SetTextureCoordinates,3,0.000,0.000
GenerateNormals
CreateMeshBuilder
AddVertex,1.929,0.000,18.915
AddVertex,2.028,0.000,18.930
AddVertex,1.772,0.000,19.918
AddVertex,1.871,0.000,19.935
Addface,2,3,1,0
GenerateNormals
LoadTexture,railthin.png
SetTextureCoordinates,0,1.200,7.000
SetTextureCoordinates,1,0.000,7.000
SetTextureCoordinates,2,1.200,0.000
SetTextureCoordinates,3,0.000,0.000
CreateMeshBuilder
AddVertex,0.465,0.000,18.702
AddVertex,0.465,-0.170,18.702
AddVertex,0.313,0.000,19.672
AddVertex,0.313,-0.170,19.672
Addface2,2,3,1,0
setColor,81,75,67
CreateMeshBuilder
AddVertex,0.366,0.000,18.688
AddVertex,0.366,-0.170,18.688
AddVertex,0.214,0.000,19.656
AddVertex,0.214,-0.170,19.656
Addface2,2,3,1,0
setColor,81,75,67
CreateMeshBuilder
AddVertex,1.929,0.000,18.915
AddVertex,1.929,-0.170,18.915
AddVertex,1.772,0.000,19.918
AddVertex,1.772,-0.170,19.918
Addface2,2,3,1,0
setColor,81,75,67
CreateMeshBuilder
AddVertex,2.028,0.000,18.930
AddVertex,2.028,-0.170,18.930
AddVertex,1.871,0.000,19.935
AddVertex,1.871,-0.170,19.935
Addface2,2,3,1,0
setColor,81,75,67
GenerateNormals
CreateMeshBuilder
AddVertex,-0.080,-0.170,18.623
AddVertex,2.592,-0.170,19.012
AddVertex,-0.230,-0.170,19.581
AddVertex,2.433,-0.170,20.029
Addface,2,3,1,0
GenerateNormals
LoadTexture,Rail.png
SetTextureCoordinates,0,1.020,0.300
SetTextureCoordinates,1,-0.020,0.300
SetTextureCoordinates,2,1.020,0.000
SetTextureCoordinates,3,-0.020,0.000
CreateMeshBuilder
AddVertex,-1.514,-0.400,18.414
AddVertex,-0.080,-0.170,18.623
AddVertex,-1.660,-0.400,19.341
AddVertex,-0.230,-0.170,19.581
Addface,2,3,1,0
GenerateNormals
LoadTexture,stone.png
SetTextureCoordinates,0,1.200,0.400
SetTextureCoordinates,1,0.000,0.400
SetTextureCoordinates,2,1.200,0.000
SetTextureCoordinates,3,0.000,0.000
CreateMeshBuilder
AddVertex,2.592,-0.170,19.012
AddVertex,4.027,-0.400,19.220
AddVertex,2.433,-0.170,20.029
AddVertex,3.863,-0.400,20.270
Addface,2,3,1,0
GenerateNormals
LoadTexture,stone.png
SetTextureCoordinates,0,1.200,0.400
SetTextureCoordinates,1,0.000,0.400
SetTextureCoordinates,2,1.200,0.000
SetTextureCoordinates,3,0.000,0.000

; --- segment 20 ---

CreateMeshBuilder
AddVertex,0.214,0.000,19.656
AddVertex,0.313,0.000,19.672
AddVertex,0.041,0.000,20.620
AddVertex,0.139,0.000,20.639
Addface,2,3,1,0
GenerateNormals
LoadTexture,railthin.png
SetTextureCoordinates,0,1.200,7.000
SetTextureCoordinates,1,0.000,7.000
SetTextureCoordinates,2,1.200,0.000
SetTextureCoordinates,3,0.000,0.000
GenerateNormals
CreateMeshBuilder
AddVertex,1.772,0.000,19.918
AddVertex,1.871,0.000,19.935
AddVertex,1.592,0.000,20.917
AddVertex,1.691,0.000,20.936
Addface,2,3,1,0
GenerateNormals
LoadTexture,railthin.png
SetTextureCoordinates,0,1.200,7.000
SetTextureCoordinates,1,0.000,7.000
SetTextureCoordinates,2,1.200,0.000
SetTextureCoordinates,3,0.000,0.000
CreateMeshBuilder
AddVertex,0.313,0.000,19.672
AddVertex,0.313,-0.170,19.672
AddVertex,0.139,0.000,20.639
AddVertex,0.139,-0.170,20.639
Addface2,2,3,1,0
setColor,81,75,67
CreateMeshBuilder
AddVertex,0.214,0.000,19.656
AddVertex,0.214,-0.170,19.656
AddVertex,0.041,0.000,20.620
AddVertex,0.041,-0.170,20.620
Addface2,2,3,1,0
setColor,81,75,67
CreateMeshBuilder
AddVertex,1.772,0.000,19.918
AddVertex,1.772,-0.170,19.918
AddVertex,1.592,0.000,20.917
AddVertex,1.592,-0.170,20.917
Addface2,2,3,1,0
setColor,81,75,67
CreateMeshBuilder
AddVertex,1.871,0.000,19.935
AddVertex,1.871,-0.170,19.935
AddVertex,1.691,0.000,20.936
AddVertex,1.691,-0.170,20.936
Addface2,2,3,1,0
setColor,81,75,67
GenerateNormals
CreateMeshBuilder
AddVertex,-0.230,-0.170,19.581
AddVertex,2.433,-0.170,20.029
AddVertex,-0.401,-0.170,20.536
AddVertex,2.251,-0.170,21.043
Addface,2,3,1,0
GenerateNormals
LoadTexture,Rail.png
SetTextureCoordinates,0,1.020,0.300
SetTextureCoordinates,1,-0.020,0.300
SetTextureCoordinates,2,1.020,0.000
SetTextureCoordinates,3,-0.020,0.000
CreateMeshBuilder
AddVertex,-1.660,-0.400,19.341
AddVertex,-0.230,-0.170,19.581
AddVertex,-1.826,-0.400,20.264
AddVertex,-0.401,-0.170,20.536
Addface,2,3,1,0
GenerateNormals
LoadTexture,stone.png
SetTextureCoordinates,0,1.200,0.400
SetTextureCoordinates,1,0.000,0.400
SetTextureCoordinates,2,1.200,0.000
SetTextureCoordinates,3,0.000,0.000
CreateMeshBuilder
AddVertex,2.433,-0.170,20.029
AddVertex,3.863,-0.400,20.270
AddVertex,2.251,-0.170,21.043
AddVertex,3.675,-0.400,21.315
Addface,2,3,1,0
GenerateNormals
LoadTexture,stone.png
SetTextureCoordinates,0,1.200,0.400
SetTextureCoordinates,1,0.000,0.400
SetTextureCoordinates,2,1.200,0.000
SetTextureCoordinates,3,0.000,0.000

; --- segment 21 ---

CreateMeshBuilder
AddVertex,0.041,0.000,20.620
AddVertex,0.139,0.000,20.639
AddVertex,-0.154,0.000,21.581
AddVertex,-0.056,0.000,21.602
Addface,2,3,1,0
GenerateNormals
LoadTexture,railthin.png
SetTextureCoordinates,0,1.200,7.000
SetTextureCoordinates,1,0.000,7.000
SetTextureCoordinates,2,1.200,0.000
SetTextureCoordinates,3,0.000,0.000
GenerateNormals
CreateMeshBuilder
AddVertex,1.592,0.000,20.917
AddVertex,1.691,0.000,20.936
AddVertex,1.391,0.000,21.912
AddVertex,1.489,0.000,21.933
Addface,2,3,1,0
GenerateNormals
LoadTexture,railthin.png
SetTextureCoordinates,0,1.200,7.000
SetTextureCoordinates,1,0.000,7.000
SetTextureCoordinates,2,1.200,0.000
SetTextureCoordinates,3,0.000,0.000
CreateMeshBuilder
AddVertex,0.139,0.000,20.639
AddVertex,0.139,-0.170,20.639
AddVertex,-0.056,0.000,21.602
AddVertex,-0.056,-0.170,21.602
Addface2,2,3,1,0
setColor,81,75,67
CreateMeshBuilder
AddVertex,0.041,0.000,20.620
AddVertex,0.041,-0.170,20.620
AddVertex,-0.154,0.000,21.581
AddVertex,-0.154,-0.170,21.581
Addface2,2,3,1,0
setColor,81,75,67
CreateMeshBuilder
AddVertex,1.592,0.000,20.917
AddVertex,1.592,-0.170,20.917
AddVertex,1.391,0.000,21.912
AddVertex,1.391,-0.170,21.912
Addface2,2,3,1,0
setColor,81,75,67
CreateMeshBuilder
AddVertex,1.691,0.000,20.936
AddVertex,1.691,-0.170,20.936
AddVertex,1.489,0.000,21.933
AddVertex,1.489,-0.170,21.933
Addface2,2,3,1,0
setColor,81,75,67
GenerateNormals
CreateMeshBuilder
AddVertex,-0.401,-0.170,20.536
AddVertex,2.251,-0.170,21.043
AddVertex,-0.594,-0.170,21.487
AddVertex,2.046,-0.170,22.052
Addface,2,3,1,0
GenerateNormals
LoadTexture,Rail.png
SetTextureCoordinates,0,1.020,0.300
SetTextureCoordinates,1,-0.020,0.300
SetTextureCoordinates,2,1.020,0.000
SetTextureCoordinates,3,-0.020,0.000
CreateMeshBuilder
AddVertex,-1.826,-0.400,20.264
AddVertex,-0.401,-0.170,20.536
AddVertex,-2.012,-0.400,21.183
AddVertex,-0.594,-0.170,21.487
Addface,2,3,1,0
GenerateNormals
LoadTexture,stone.png
SetTextureCoordinates,0,1.200,0.400
SetTextureCoordinates,1,0.000,0.400
SetTextureCoordinates,2,1.200,0.000
SetTextureCoordinates,3,0.000,0.000
CreateMeshBuilder
AddVertex,2.251,-0.170,21.043
AddVertex,3.675,-0.400,21.315
AddVertex,2.046,-0.170,22.052
AddVertex,3.464,-0.400,22.356
Addface,2,3,1,0
GenerateNormals
LoadTexture,stone.png
SetTextureCoordinates,0,1.200,0.400
SetTextureCoordinates,1,0.000,0.400
SetTextureCoordinates,2,1.200,0.000
SetTextureCoordinates,3,0.000,0.000

; --- segment 22 ---

CreateMeshBuilder
AddVertex,-0.154,0.000,21.581
AddVertex,-0.056,0.000,21.602
AddVertex,-0.370,0.000,22.537
AddVertex,-0.273,0.000,22.560
Addface,2,3,1,0
GenerateNormals
LoadTexture,railthin.png
SetTextureCoordinates,0,1.200,7.000
SetTextureCoordinates,1,0.000,7.000
SetTextureCoordinates,2,1.200,0.000
SetTextureCoordinates,3,0.000,0.000
GenerateNormals
CreateMeshBuilder
AddVertex,1.391,0.000,21.912
AddVertex,1.489,0.000,21.933
AddVertex,1.167,0.000,22.902
AddVertex,1.264,0.000,22.925
Addface,2,3,1,0
GenerateNormals
LoadTexture,railthin.png
SetTextureCoordinates,0,1.200,7.000
SetTextureCoordinates,1,0.000,7.000
SetTextureCoordinates,2,1.200,0.000
SetTextureCoordinates,3,0.000,0.000
CreateMeshBuilder
AddVertex,-0.056,0.000,21.602
AddVertex,-0.056,-0.170,21.602
AddVertex,-0.273,0.000,22.560
AddVertex,-0.273,-0.170,22.560
Addface2,2,3,1,0
setColor,81,75,67
CreateMeshBuilder
AddVertex,-0.154,0.000,21.581
AddVertex,-0.154,-0.170,21.581
AddVertex,-0.370,0.000,22.537
AddVertex,-0.370,-0.170,22.537
Addface2,2,3,1,0
setColor,81,75,67
CreateMeshBuilder
AddVertex,1.391,0.000,21.912
AddVertex,1.391,-0.170,21.912
AddVertex,1.167,0.000,22.902
AddVertex,1.167,-0.170,22.902
Addface2,2,3,1,0
setColor,81,75,67
CreateMeshBuilder
AddVertex,1.489,0.000,21.933
AddVertex,1.489,-0.170,21.933
AddVertex,1.264,0.000,22.925
AddVertex,1.264,-0.170,22.925
Addface2,2,3,1,0
setColor,81,75,67
GenerateNormals
CreateMeshBuilder
AddVertex,-0.594,-0.170,21.487
AddVertex,2.046,-0.170,22.052
AddVertex,-0.808,-0.170,22.433
AddVertex,1.819,-0.170,23.057
Addface,2,3,1,0
GenerateNormals
LoadTexture,Rail.png
SetTextureCoordinates,0,1.020,0.300
SetTextureCoordinates,1,-0.020,0.300
SetTextureCoordinates,2,1.020,0.000
SetTextureCoordinates,3,-0.020,0.000
CreateMeshBuilder
AddVertex,-2.012,-0.400,21.183
AddVertex,-0.594,-0.170,21.487
AddVertex,-2.219,-0.400,22.097
AddVertex,-0.808,-0.170,22.433
Addface,2,3,1,0
GenerateNormals
LoadTexture,stone.png
SetTextureCoordinates,0,1.200,0.400
SetTextureCoordinates,1,0.000,0.400
SetTextureCoordinates,2,1.200,0.000
SetTextureCoordinates,3,0.000,0.000
CreateMeshBuilder
AddVertex,2.046,-0.170,22.052
AddVertex,3.464,-0.400,22.356
AddVertex,1.819,-0.170,23.057
AddVertex,3.230,-0.400,23.392
Addface,2,3,1,0
GenerateNormals
LoadTexture,stone.png
SetTextureCoordinates,0,1.200,0.400
SetTextureCoordinates,1,0.000,0.400
SetTextureCoordinates,2,1.200,0.000
SetTextureCoordinates,3,0.000,0.000

; --- segment 23 ---

CreateMeshBuilder
AddVertex,-0.370,0.000,22.537
AddVertex,-0.273,0.000,22.560
AddVertex,-0.607,0.000,23.488
AddVertex,-0.511,0.000,23.513
Addface,2,3,1,0
GenerateNormals
LoadTexture,railthin.png
SetTextureCoordinates,0,1.200,7.000
SetTextureCoordinates,1,0.000,7.000
SetTextureCoordinates,2,1.200,0.000
SetTextureCoordinates,3,0.000,0.000
GenerateNormals
CreateMeshBuilder
AddVertex,1.167,0.000,22.902
AddVertex,1.264,0.000,22.925
AddVertex,0.921,0.000,23.887
AddVertex,1.018,0.000,23.912
Addface,2,3,1,0
GenerateNormals
LoadTexture,railthin.png
SetTextureCoordinates,0,1.200,7.000
SetTextureCoordinates,1,0.000,7.000
SetTextureCoordinates,2,1.200,0.000
SetTextureCoordinates,3,0.000,0.000
CreateMeshBuilder
AddVertex,-0.273,0.000,22.560
AddVertex,-0.273,-0.170,22.560
AddVertex,-0.511,0.000,23.513
AddVertex,-0.511,-0.170,23.513
Addface2,2,3,1,0
setColor,81,75,67
CreateMeshBuilder
AddVertex,-0.370,0.000,22.537
AddVertex,-0.370,-0.170,22.537
AddVertex,-0.607,0.000,23.488
AddVertex,-0.607,-0.170,23.488
Addface2,2,3,1,0
setColor,81,75,67
CreateMeshBuilder
AddVertex,1.167,0.000,22.902
AddVertex,1.167,-0.170,22.902
AddVertex,0.921,0.000,23.887
AddVertex,0.921,-0.170,23.887
Addface2,2,3,1,0
setColor,81,75,67
CreateMeshBuilder
AddVertex,1.264,0.000,22.925
AddVertex,1.264,-0.170,22.925
AddVertex,1.018,0.000,23.912
AddVertex,1.018,-0.170,23.912
Addface2,2,3,1,0
setColor,81,75,67
GenerateNormals
CreateMeshBuilder
AddVertex,-0.808,-0.170,22.433
AddVertex,1.819,-0.170,23.057
AddVertex,-1.043,-0.170,23.374
AddVertex,1.570,-0.170,24.056
Addface,2,3,1,0
GenerateNormals
LoadTexture,Rail.png
SetTextureCoordinates,0,1.020,0.300
SetTextureCoordinates,1,-0.020,0.300
SetTextureCoordinates,2,1.020,0.000
SetTextureCoordinates,3,-0.020,0.000
CreateMeshBuilder
AddVertex,-2.219,-0.400,22.097
AddVertex,-0.808,-0.170,22.433
AddVertex,-2.446,-0.400,23.007
AddVertex,-1.043,-0.170,23.374
Addface,2,3,1,0
GenerateNormals
LoadTexture,stone.png
SetTextureCoordinates,0,1.200,0.400
SetTextureCoordinates,1,0.000,0.400
SetTextureCoordinates,2,1.200,0.000
SetTextureCoordinates,3,0.000,0.000
CreateMeshBuilder
AddVertex,1.819,-0.170,23.057
AddVertex,3.230,-0.400,23.392
AddVertex,1.570,-0.170,24.056
AddVertex,2.973,-0.400,24.423
Addface,2,3,1,0
GenerateNormals
LoadTexture,stone.png
SetTextureCoordinates,0,1.200,0.400
SetTextureCoordinates,1,0.000,0.400
SetTextureCoordinates,2,1.200,0.000
SetTextureCoordinates,3,0.000,0.000

; --- segment 24 ---

CreateMeshBuilder
AddVertex,-0.607,0.000,23.488
AddVertex,-0.511,0.000,23.513
AddVertex,-0.866,0.000,24.433
AddVertex,-0.769,0.000,24.460
Addface,2,3,1,0
GenerateNormals
LoadTexture,railthin.png
SetTextureCoordinates,0,1.200,7.000
SetTextureCoordinates,1,0.000,7.000
SetTextureCoordinates,2,1.200,0.000
SetTextureCoordinates,3,0.000,0.000
GenerateNormals
CreateMeshBuilder
AddVertex,0.921,0.000,23.887
AddVertex,1.018,0.000,23.912
AddVertex,0.654,0.000,24.866
AddVertex,0.750,0.000,24.894
Addface,2,3,1,0
GenerateNormals
LoadTexture,railthin.png
SetTextureCoordinates,0,1.200,7.000
SetTextureCoordinates,1,0.000,7.000
SetTextureCoordinates,2,1.200,0.000
SetTextureCoordinates,3,0.000,0.000
CreateMeshBuilder
AddVertex,-0.511,0.000,23.513
AddVertex,-0.511,-0.170,23.513
AddVertex,-0.769,0.000,24.460
AddVertex,-0.769,-0.170,24.460
Addface2,2,3,1,0
setColor,81,75,67
CreateMeshBuilder
AddVertex,-0.607,0.000,23.488
AddVertex,-0.607,-0.170,23.488
AddVertex,-0.866,0.000,24.433
AddVertex,-0.866,-0.170,24.433
Addface2,2,3,1,0
setColor,81,75,67
CreateMeshBuilder
AddVertex,0.921,0.000,23.887
AddVertex,0.921,-0.170,23.887
AddVertex,0.654,0.000,24.866
AddVertex,0.654,-0.170,24.866
Addface2,2,3,1,0
setColor,81,75,67
CreateMeshBuilder
AddVertex,1.018,0.000,23.912
AddVertex,1.018,-0.170,23.912
AddVertex,0.750,0.000,24.894
AddVertex,0.750,-0.170,24.894
Addface2,2,3,1,0
setColor,81,75,67
GenerateNormals
CreateMeshBuilder
AddVertex,-1.043,-0.170,23.374
AddVertex,1.570,-0.170,24.056
AddVertex,-1.298,-0.170,24.310
AddVertex,1.298,-0.170,25.050
Addface,2,3,1,0
GenerateNormals
LoadTexture,Rail.png
SetTextureCoordinates,0,1.020,0.300
SetTextureCoordinates,1,-0.020,0.300
SetTextureCoordinates,2,1.020,0.000
SetTextureCoordinates,3,-0.020,0.000
CreateMeshBuilder
AddVertex,-2.446,-0.400,23.007
AddVertex,-1.043,-0.170,23.374
AddVertex,-2.693,-0.400,23.912
AddVertex,-1.298,-0.170,24.310
Addface,2,3,1,0
GenerateNormals
LoadTexture,stone.png
SetTextureCoordinates,0,1.200,0.400
SetTextureCoordinates,1,0.000,0.400
SetTextureCoordinates,2,1.200,0.000
SetTextureCoordinates,3,0.000,0.000
CreateMeshBuilder
AddVertex,1.570,-0.170,24.056
AddVertex,2.973,-0.400,24.423
AddVertex,1.298,-0.170,25.050
AddVertex,2.693,-0.400,25.448
Addface,2,3,1,0
GenerateNormals
LoadTexture,stone.png
SetTextureCoordinates,0,1.200,0.400
SetTextureCoordinates,1,0.000,0.400
SetTextureCoordinates,2,1.200,0.000
SetTextureCoordinates,3,0.000,0.000


;cable,
CreateMeshBuilder,
AddVertex,-0.01, 5.1, -0.5,
AddVertex,-0.01, 5.1, 25.5,
AddVertex,0.01, 5.1, 25.5,
AddVertex,0.01, 5.1, -0.5,
AddFace2,0, 1, 2, 3,
SetColor,40,40,40,


CreateMeshBuilder,
AddVertex,-0.01, 5.6, -0.5,
AddVertex,-0.01, 5.6, 25.5,
AddVertex,0.01, 5.6, 25.5,
AddVertex,0.01, 5.6, -0.5,
AddFace2,0, 1, 2, 3,
SetColor,40,40,40,


CreateMeshBuilder,
AddVertex,-0.01, 5.6, 0,
AddVertex,-0.01, 5.1, 0,
AddVertex,0.01, 5.1, 0,
AddVertex,0.01, 5.6, 0,
AddFace2,0, 1, 2, 3,
SetColor,40,40,40,