;c by Nils Busch
;Created with Weiche
;Radius: 70
;Abweichung Totspur: 4.5
;Radius Totspur: 71.6944444444445

CreateMeshBuilder
AddVertex,-1.8191,0,14.4188,
AddVertex,-1.9450,0,15.1646,
AddVertex,-1.8690,0,15.1894,
AddFace,0,1,2,
GenerateNormals,
SetColor,180,190,200,

CreateMeshBuilder
AddVertex,-1.8690,0,15.1894,
AddVertex,-1.7941,0,15.1866,
AddVertex,-1.8191,0,14.4188,
AddFace,0,1,2,
GenerateNormals,
SetColor,180,190,200,

CreateMeshBuilder
AddVertex,-1.8850,0,15.1646,
AddVertex,-1.9450,0,15.1646,
AddVertex,-2.1892,0,16.9862,
AddVertex,-2.2483,0,16.9755,
AddVertex,-2.3719,0,18.0870,
AddVertex,-2.4311,0,18.0763,
AddVertex,-2.5546,0,19.1934,
AddVertex,-2.6137,0,19.1826,
AddVertex,-2.7372,0,20.3053,
AddVertex,-2.7964,0,20.2945,
AddVertex,-2.9201,0,21.4229,
AddVertex,-2.9793,0,21.4121,
AddVertex,-3.1033,0,22.5461,
AddVertex,-3.1625,0,22.5352,
AddVertex,-3.2871,0,23.6750,
AddVertex,-3.3463,0,23.6641,
AddVertex,-3.4718,0,24.8097,
AddVertex,-3.5310,0,24.7987,
AddFace,3,2,0,1,
AddFace,5,4,2,3,
AddFace,7,6,4,5,
AddFace,9,8,6,7,
AddFace,11,10,8,9,
AddFace,13,12,10,11,
AddFace,15,14,12,13,
AddFace,17,16,14,15,
GenerateNormals,
SetColor,180,190,200,

CreateMeshBuilder
AddVertex,-1.8540,0,15.1889,
AddVertex,-1.7941,0,15.1866,
AddVertex,-1.7759,0,16.7741,
AddVertex,-1.7161,0,16.7705,
AddVertex,-1.7036,0,17.8372,
AddVertex,-1.6438,0,17.8326,
AddVertex,-1.6155,0,18.8966,
AddVertex,-1.5557,0,18.8912,
AddVertex,-1.5118,0,19.9517,
AddVertex,-1.4521,0,19.9454,
AddVertex,-1.3927,0,21.0018,
AddVertex,-1.3331,0,20.9946,
AddVertex,-1.2584,0,22.0463,
AddVertex,-1.1989,0,22.0382,
AddVertex,-1.1092,0,23.0844,
AddVertex,-1.0499,0,23.0755,
AddVertex,-0.9455,0,24.1156,
AddVertex,-0.8863,0,24.1058,
AddFace,2,3,1,0,
AddFace,4,5,3,2,
AddFace,6,7,5,4,
AddFace,8,9,7,6,
AddFace,10,11,9,8,
AddFace,12,13,11,10,
AddFace,14,15,13,12,
AddFace,16,17,15,14,
GenerateNormals,
SetColor,180,190,200,

CreateMeshBuilder ;Gerade Spielerspur Vorne
AddVertex,-0.7084,0,-0.1286,
AddVertex,-0.7675,0,-0.1393,
AddVertex,-0.8863,0,0.8942,
AddVertex,-0.9455,0,0.8844,
AddVertex,-1.0499,0,1.9245,
AddVertex,-1.1092,0,1.9156,
AddVertex,-1.1989,0,2.9618,
AddVertex,-1.2584,0,2.9537,
AddVertex,-1.3331,0,4.0054,
AddVertex,-1.3927,0,3.9982,
AddVertex,-1.4521,0,5.0546,
AddVertex,-1.5118,0,5.0483,
AddVertex,-1.5557,0,6.1088,
AddVertex,-1.6155,0,6.1034,
AddVertex,-1.6438,0,7.1674,
AddVertex,-1.7036,0,7.1628,
AddVertex,-1.7161,0,8.2295,
AddVertex,-1.7759,0,8.2259,
AddVertex,-1.7724,0,9.2946,
AddVertex,-1.8324,0,9.2919,
AddVertex,-1.8128,0,10.3618,
AddVertex,-1.8728,0,10.3600,
AddVertex,-1.8370,0,11.4306,
AddVertex,-1.8970,0,11.4296,
AddVertex,-1.8451,0,12.5000,
AddVertex,-1.9051,0,12.5000,
AddVertex,-1.8370,0,13.5694,
AddVertex,-1.8970,0,13.5704,
AddVertex,-1.8257,0,14.1581,
AddVertex,-1.8858,0,14.1534,
AddFace,3,2,0,1,
AddFace,5,4,2,3,
AddFace,7,6,4,5,
AddFace,9,8,6,7,
AddFace,11,10,8,9,
AddFace,13,12,10,11,
AddFace,15,14,12,13,
AddFace,17,16,14,15,
AddFace,19,18,16,17,
AddFace,21,20,18,19,
AddFace,23,22,20,21,
AddFace,25,24,22,23,
AddFace,27,26,24,25,
AddFace,29,28,26,27,
GenerateNormals,
SetColor,180,190,200,

CreateMeshBuilder ;Totspur vorne
AddVertex,0.6352,0,0.1153,
AddVertex,0.6650,0,0.1207,
AddVertex,0.4653,0,1.1295,
AddVertex,0.5004,0,1.1362,
AddVertex,0.2931,0,2.1485,
AddVertex,0.3331,0,2.1563,
AddVertex,0.1189,0,3.1725,
AddVertex,0.1632,0,3.1811,
AddVertex,-0.0572,0,4.2016,
AddVertex,-0.0091,0,4.2109,
AddVertex,-0.2350,0,5.2359,
AddVertex,-0.1836,0,5.2457,
AddVertex,-0.4143,0,6.2755,
AddVertex,-0.3603,0,6.2857,
AddVertex,-0.5951,0,7.3205,
AddVertex,-0.5389,0,7.3309,
AddVertex,-0.7771,0,8.3710,
AddVertex,-0.7194,0,8.3814,
AddVertex,-0.9603,0,9.4269,
AddVertex,-0.9016,0,9.4374,
AddVertex,-1.1447,0,10.4884,
AddVertex,-1.0856,0,10.4989,
AddVertex,-1.1780,0,10.6802,
AddVertex,-1.0986,0,10.5741,
AddVertex,-1.3296,0,11.5555,
AddVertex,-1.2705,0,11.5661,
AddVertex,-1.5141,0,12.6283,
AddVertex,-1.4550,0,12.6389,
AddVertex,-1.6982,0,13.7067,
AddVertex,-1.6391,0,13.7173,
AddVertex,-1.7756,0,14.1620,
AddVertex,-1.7154,0,14.1666,
AddFace,2,3,1,0,
AddFace,4,5,3,2,
AddFace,6,7,5,4,
AddFace,8,9,7,6,
AddFace,10,11,9,8,
AddFace,12,13,11,10,
AddFace,14,15,13,12,
AddFace,16,17,15,14,
AddFace,18,19,17,16,
AddFace,20,21,19,18,
AddFace,22,23,21,20,
AddFace,24,25,23,22,
AddFace,26,27,25,24,
AddFace,28,29,27,26,
AddFace,30,31,29,28,
GenerateNormals,
SetColor,180,190,200,

CreateMeshBuilder ;Fluegelschiene Totspur
AddVertex,-1.8257,0,14.1581,
AddVertex,-1.8778,0,14.4659,
AddVertex,-1.8858,0,14.1534,
AddFace,2,1,0,
GenerateNormals,
SetColor,180,190,200,

CreateMeshBuilder ;Fl√ºgelschiene Spielerspur
AddVertex,-1.8778,0,14.4659,
AddVertex,-1.8858,0,14.1534,
AddVertex,-2.0254,0,15.3408,
AddVertex,-2.0747,0,15.3319,
AddFace,3,2,0,1,
GenerateNormals,
SetColor,180,190,200,

CreateMeshBuilder ;Fluegelschiene Totspur
AddVertex,-1.7154,0,14.1666,
AddVertex,-1.7675,0,14.4741,
AddVertex,-1.7756,0,14.1620,
AddFace,2,1,0,
GenerateNormals,
SetColor,180,190,200,

CreateMeshBuilder ;Fluegelschiene Spielerspur
AddVertex,-1.7154,0,14.1666,
AddVertex,-1.7675,0,14.4741,
AddVertex,-1.6885,0,15.3273,
AddVertex,-1.7385,0,15.3293,
AddFace,3,2,0,1,
GenerateNormals,
SetColor,180,190,200,

CreateMeshBuilder ;Gerade Schiene Aussen
AddVertex,0.7084,0,0.1286,
AddVertex,0.7675,0,0.1393,
AddVertex,0.5342,0,1.1305,
AddVertex,0.5934,0,1.1404,
AddVertex,0.3739,0,2.1399,
AddVertex,0.4332,0,2.1489,
AddVertex,0.2279,0,3.1560,
AddVertex,0.2874,0,3.1641,
AddVertex,0.0965,0,4.1783,
AddVertex,0.1561,0,4.1855,
AddVertex,-0.0201,0,5.2062,
AddVertex,0.0396,0,5.2125,
AddVertex,-0.1216,0,6.2390,
AddVertex,-0.0619,0,6.2444,
AddVertex,-0.2079,0,7.2759,
AddVertex,-0.1480,0,7.2805,
AddVertex,-0.2787,0,8.3165,
AddVertex,-0.2188,0,8.3201,
AddVertex,-0.3339,0,9.3598,
AddVertex,-0.2740,0,9.3626,
AddVertex,-0.3734,0,10.4054,
AddVertex,-0.3135,0,10.4072,
AddVertex,-0.3972,0,11.4523,
AddVertex,-0.3372,0,11.4532,
AddVertex,-0.4051,0,12.5000,
AddVertex,-0.3451,0,12.5000,
AddVertex,-0.3972,0,13.5477,
AddVertex,-0.3372,0,13.5468,
AddVertex,-0.3734,0,14.5946,
AddVertex,-0.3135,0,14.5928,
AddVertex,-0.3339,0,15.6402,
AddVertex,-0.2740,0,15.6374,
AddVertex,-0.2787,0,16.6835,
AddVertex,-0.2188,0,16.6799,
AddVertex,-0.2079,0,17.7241,
AddVertex,-0.1480,0,17.7195,
AddVertex,-0.1216,0,18.7610,
AddVertex,-0.0619,0,18.7556,
AddVertex,-0.0201,0,19.7938,
AddVertex,0.0396,0,19.7875,
AddVertex,0.0965,0,20.8217,
AddVertex,0.1561,0,20.8145,
AddVertex,0.2279,0,21.8440,
AddVertex,0.2874,0,21.8359,
AddVertex,0.3739,0,22.8601,
AddVertex,0.4332,0,22.8511,
AddVertex,0.5342,0,23.8695,
AddVertex,0.5934,0,23.8596,
AddVertex,0.7084,0,24.8714,
AddVertex,0.7675,0,24.8607,
AddFace,2,3,1,0,
AddFace,4,5,3,2,
AddFace,6,7,5,4,
AddFace,8,9,7,6,
AddFace,10,11,9,8,
AddFace,12,13,11,10,
AddFace,14,15,13,12,
AddFace,16,17,15,14,
AddFace,18,19,17,16,
AddFace,20,21,19,18,
AddFace,22,23,21,20,
AddFace,24,25,23,22,
AddFace,26,27,25,24,
AddFace,28,29,27,26,
AddFace,30,31,29,28,
AddFace,32,33,31,30,
AddFace,34,35,33,32,
AddFace,36,37,35,34,
AddFace,38,39,37,36,
AddFace,40,41,39,38,
AddFace,42,43,41,40,
AddFace,44,45,43,42,
AddFace,46,47,45,44,
AddFace,48,49,47,46,
GenerateNormals,
SetColor,180,190,200,

CreateMeshBuilder ;Radlenker Spielerspur
AddVertex,-0.4648,0,12.7209,
AddVertex,-0.5048,0,12.7210,
AddVertex,-0.4441,0,12.8718,
AddVertex,-0.4841,0,12.8720,
AddVertex,-0.4314,0,13.8780,
AddVertex,-0.4714,0,13.8788,
AddVertex,-0.4041,0,14.8833,
AddVertex,-0.4441,0,14.8847,
AddVertex,-0.3623,0,15.8871,
AddVertex,-0.4023,0,15.8891,
AddVertex,-0.3748,0,16.0386,
AddVertex,-0.4147,0,16.0406,
AddFace,3,2,0,1,
AddFace,5,4,2,3,
AddFace,7,6,4,5,
AddFace,9,8,6,7,
AddFace,11,10,8,9,
GenerateNormals,
SetColor,180,190,200,

CreateMeshBuilder ;Radlenker Totspur
AddVertex,-2.9119,0,12.6066,
AddVertex,-2.8725,0,12.6140,
AddVertex,-2.9581,0,12.7580,
AddVertex,-2.9187,0,12.7653,
AddVertex,-3.1350,0,13.7942,
AddVertex,-3.0956,0,13.8016,
AddVertex,-3.3115,0,14.8355,
AddVertex,-3.2721,0,14.8429,
AddVertex,-3.4876,0,15.8819,
AddVertex,-3.4482,0,15.8893,
AddVertex,-3.4944,0,16.0430,
AddVertex,-3.4550,0,16.0505,
AddFace,2,3,1,0,
AddFace,4,5,3,2,
AddFace,6,7,5,4,
AddFace,8,9,7,6,
AddFace,10,11,9,8,
GenerateNormals,
SetColor,180,190,200,

CreateMeshBuilder; Abbiegende Schiene Aussen (Totspur)
AddVertex,-0.7084,0.001,-0.1286,
AddVertex,-0.7675,0.001,-0.1393,
AddVertex,-0.8920,0.001,0.8827,
AddVertex,-0.9510,0.001,0.8720,
AddVertex,-1.0764,0.001,1.8993,
AddVertex,-1.1354,0.001,1.8886,
AddVertex,-1.2615,0.001,2.9213,
AddVertex,-1.3205,0.001,2.9106,
AddVertex,-1.4471,0.001,3.9489,
AddVertex,-1.5061,0.001,3.9381,
AddVertex,-1.6330,0.001,4.9819,
AddVertex,-1.6920,0.001,4.9711,
AddVertex,-1.8190,0.001,6.0205,
AddVertex,-1.8780,0.001,6.0097,
AddVertex,-2.0050,0.001,7.0647,
AddVertex,-2.0641,0.001,7.0539,
AddVertex,-2.1910,0.001,8.1144,
AddVertex,-2.2500,0.001,8.1036,
AddVertex,-2.3767,0.001,9.1698,
AddVertex,-2.4358,0.001,9.1589,
AddVertex,-2.5622,0.001,10.2307,
AddVertex,-2.6213,0.001,10.2197,
AddVertex,-2.7473,0.001,11.2971,
AddVertex,-2.8064,0.001,11.2861,
AddVertex,-2.9321,0.001,12.3691,
AddVertex,-2.9911,0.001,12.3581,
AddVertex,-3.1164,0.001,13.4467,
AddVertex,-3.1755,0.001,13.4356,
AddVertex,-3.3004,0.001,14.5297,
AddVertex,-3.3595,0.001,14.5186,
AddVertex,-3.4840,0.001,15.6182,
AddVertex,-3.5431,0.001,15.6070,
AddVertex,-3.6673,0.001,16.7122,
AddVertex,-3.7264,0.001,16.7010,
AddVertex,-3.8505,0.001,17.8117,
AddVertex,-3.9096,0.001,17.8004,
AddVertex,-4.0335,0.001,18.9167,
AddVertex,-4.0926,0.001,18.9053,
AddVertex,-4.2165,0.001,20.0271,
AddVertex,-4.2757,0.001,20.0156,
AddVertex,-4.3997,0.001,21.1431,
AddVertex,-4.4589,0.001,21.1315,
AddVertex,-4.5833,0.001,22.2646,
AddVertex,-4.6425,0.001,22.2529,
AddVertex,-4.7675,0.001,23.3916,
AddVertex,-4.8267,0.001,23.3799,
AddVertex,-4.9525,0.001,24.5243,
AddVertex,-5.0117,0.001,24.5125,
AddFace,3,2,0,1,
AddFace,5,4,2,3,
AddFace,7,6,4,5,
AddFace,9,8,6,7,
AddFace,11,10,8,9,
AddFace,13,12,10,11,
AddFace,15,14,12,13,
AddFace,17,16,14,15,
AddFace,19,18,16,17,
AddFace,21,20,18,19,
AddFace,23,22,20,21,
AddFace,25,24,22,23,
AddFace,27,26,24,25,
AddFace,29,28,26,27,
AddFace,31,30,28,29,
AddFace,33,32,30,31,
AddFace,35,34,32,33,
AddFace,37,36,34,35,
AddFace,39,38,36,37,
AddFace,41,40,38,39,
AddFace,43,42,40,41,
AddFace,45,44,42,43,
AddFace,47,46,44,45,
GenerateNormals,
SetColor,180,190,200,

CreateMeshBuilder; Rail Side Left
AddVertex,0.7281,0,0.1321,
AddVertex,0.7281,-0.15,0.1321,
AddVertex,0.5539,0,1.1338,
AddVertex,0.5539,-0.15,1.1338,
AddVertex,0.3937,0,2.1429,
AddVertex,0.3937,-0.15,2.1429,
AddVertex,0.2477,0,3.1587,
AddVertex,0.2477,-0.15,3.1587,
AddVertex,0.1163,0,4.1807,
AddVertex,0.1163,-0.15,4.1807,
AddVertex,-0.0002,0,5.2083,
AddVertex,-0.0002,-0.15,5.2083,
AddVertex,-0.1017,0,6.2408,
AddVertex,-0.1017,-0.15,6.2408,
AddVertex,-0.1879,0,7.2775,
AddVertex,-0.1879,-0.15,7.2775,
AddVertex,-0.2587,0,8.3177,
AddVertex,-0.2587,-0.15,8.3177,
AddVertex,-0.3139,0,9.3608,
AddVertex,-0.3139,-0.15,9.3608,
AddVertex,-0.3535,0,10.4060,
AddVertex,-0.3535,-0.15,10.4060,
AddVertex,-0.3772,0,11.4526,
AddVertex,-0.3772,-0.15,11.4526,
AddVertex,-0.3851,0,12.5000,
AddVertex,-0.3851,-0.15,12.5000,
AddVertex,-0.3772,0,13.5474,
AddVertex,-0.3772,-0.15,13.5474,
AddVertex,-0.3535,0,14.5940,
AddVertex,-0.3535,-0.15,14.5940,
AddVertex,-0.3139,0,15.6392,
AddVertex,-0.3139,-0.15,15.6392,
AddVertex,-0.2587,0,16.6823,
AddVertex,-0.2587,-0.15,16.6823,
AddVertex,-0.1879,0,17.7225,
AddVertex,-0.1879,-0.15,17.7225,
AddVertex,-0.1017,0,18.7592,
AddVertex,-0.1017,-0.15,18.7592,
AddVertex,-0.0002,0,19.7917,
AddVertex,-0.0002,-0.15,19.7917,
AddVertex,0.1163,0,20.8193,
AddVertex,0.1163,-0.15,20.8193,
AddVertex,0.2477,0,21.8413,
AddVertex,0.2477,-0.15,21.8413,
AddVertex,0.3937,0,22.8571,
AddVertex,0.3937,-0.15,22.8571,
AddVertex,0.5539,0,23.8662,
AddVertex,0.5539,-0.15,23.8662,
AddVertex,0.7281,0,24.8679,
AddVertex,0.7281,-0.15,24.8679,
AddFace2,2,3,1,0,
AddFace2,4,5,3,2,
AddFace2,6,7,5,4,
AddFace2,8,9,7,6,
AddFace2,10,11,9,8,
AddFace2,12,13,11,10,
AddFace2,14,15,13,12,
AddFace2,16,17,15,14,
AddFace2,18,19,17,16,
AddFace2,20,21,19,18,
AddFace2,22,23,21,20,
AddFace2,24,25,23,22,
AddFace2,26,27,25,24,
AddFace2,28,29,27,26,
AddFace2,30,31,29,28,
AddFace2,32,33,31,30,
AddFace2,34,35,33,32,
AddFace2,36,37,35,34,
AddFace2,38,39,37,36,
AddFace2,40,41,39,38,
AddFace2,42,43,41,40,
AddFace2,44,45,43,42,
AddFace2,46,47,45,44,
AddFace2,48,49,47,46,
GenerateNormals,
SetColor,85,50,50,

CreateMeshBuilder
AddVertex,-0.7281,0,-0.1321,
AddVertex,-0.7281,-0.15,-0.1321,
AddVertex,-0.9117,0,0.8791,
AddVertex,-0.9117,-0.15,0.8791,
AddVertex,-1.0961,0,1.8957,
AddVertex,-1.0961,-0.15,1.8957,
AddVertex,-1.2812,0,2.9178,
AddVertex,-1.2812,-0.15,2.9178,
AddVertex,-1.4668,0,3.9453,
AddVertex,-1.4668,-0.15,3.9453,
AddVertex,-1.6526,0,4.9783,
AddVertex,-1.6526,-0.15,4.9783,
AddVertex,-1.8387,0,6.0169,
AddVertex,-1.8387,-0.15,6.0169,
AddVertex,-2.0247,0,7.0611,
AddVertex,-2.0247,-0.15,7.0611,
AddVertex,-2.2107,0,8.1108,
AddVertex,-2.2107,-0.15,8.1108,
AddVertex,-2.3964,0,9.1661,
AddVertex,-2.3964,-0.15,9.1661,
AddVertex,-2.5819,0,10.2270,
AddVertex,-2.5819,-0.15,10.2270,
AddVertex,-2.7670,0,11.2935,
AddVertex,-2.7670,-0.15,11.2935,
AddVertex,-2.9518,0,12.3655,
AddVertex,-2.9518,-0.15,12.3655,
AddVertex,-3.1361,0,13.4430,
AddVertex,-3.1361,-0.15,13.4430,
AddVertex,-3.3201,0,14.5260,
AddVertex,-3.3201,-0.15,14.5260,
AddVertex,-3.5037,0,15.6145,
AddVertex,-3.5037,-0.15,15.6145,
AddVertex,-3.6870,0,16.7085,
AddVertex,-3.6870,-0.15,16.7085,
AddVertex,-3.8702,0,17.8079,
AddVertex,-3.8702,-0.15,17.8079,
AddVertex,-4.0532,0,18.9129,
AddVertex,-4.0532,-0.15,18.9129,
AddVertex,-4.2362,0,20.0233,
AddVertex,-4.2362,-0.15,20.0233,
AddVertex,-4.4195,0,21.1392,
AddVertex,-4.4195,-0.15,21.1392,
AddVertex,-4.6031,0,22.2607,
AddVertex,-4.6031,-0.15,22.2607,
AddVertex,-4.7872,0,23.3877,
AddVertex,-4.7872,-0.15,23.3877,
AddVertex,-4.9722,0,24.5204,
AddVertex,-4.9722,-0.15,24.5204,
AddFace2,2,3,1,0,
AddFace2,4,5,3,2,
AddFace2,6,7,5,4,
AddFace2,8,9,7,6,
AddFace2,10,11,9,8,
AddFace2,12,13,11,10,
AddFace2,14,15,13,12,
AddFace2,16,17,15,14,
AddFace2,18,19,17,16,
AddFace2,20,21,19,18,
AddFace2,22,23,21,20,
AddFace2,24,25,23,22,
AddFace2,26,27,25,24,
AddFace2,28,29,27,26,
AddFace2,30,31,29,28,
AddFace2,32,33,31,30,
AddFace2,34,35,33,32,
AddFace2,36,37,35,34,
AddFace2,38,39,37,36,
AddFace2,40,41,39,38,
AddFace2,42,43,41,40,
AddFace2,44,45,43,42,
AddFace2,46,47,45,44,
GenerateNormals,
SetColor,85,50,50,

CreateMeshBuilder
AddVertex,-1.8333,0,14.6227,
AddVertex,-1.8333,-0.15,14.6227,
AddVertex,-1.8328,0,14.6388,
AddVertex,-1.8328,-0.15,14.6388,
AddVertex,-1.7924,0,15.7063,
AddVertex,-1.7924,-0.15,15.7063,
AddVertex,-1.7360,0,16.7717,
AddVertex,-1.7360,-0.15,16.7717,
AddVertex,-1.6637,0,17.8341,
AddVertex,-1.6637,-0.15,17.8341,
AddVertex,-1.5756,0,18.8930,
AddVertex,-1.5756,-0.15,18.8930,
AddVertex,-1.4720,0,19.9475,
AddVertex,-1.4720,-0.15,19.9475,
AddVertex,-1.3529,0,20.9970,
AddVertex,-1.3529,-0.15,20.9970,
AddVertex,-1.2188,0,22.0409,
AddVertex,-1.2188,-0.15,22.0409,
AddVertex,-1.0697,0,23.0784,
AddVertex,-1.0697,-0.15,23.0784,
AddVertex,-0.9060,0,24.1091,
AddVertex,-0.9060,-0.15,24.1091,
AddFace2,2,3,1,0,
AddFace2,4,5,3,2,
AddFace2,6,7,5,4,
AddFace2,8,9,7,6,
AddFace2,10,11,9,8,
AddFace2,12,13,11,10,
AddFace2,14,15,13,12,
AddFace2,16,17,15,14,
AddFace2,18,19,17,16,
AddFace2,20,21,19,18,
GenerateNormals,
SetColor,85,50,50,

CreateMeshBuilder
AddVertex,-1.8333,0,14.6227,
AddVertex,-1.8333,-0.15,14.6227,
AddVertex,-1.8623,0,14.7943,
AddVertex,-1.8623,-0.15,14.7943,
AddVertex,-2.0456,0,15.8839,
AddVertex,-2.0456,-0.15,15.8839,
AddVertex,-2.2286,0,16.9791,
AddVertex,-2.2286,-0.15,16.9791,
AddVertex,-2.4114,0,18.0799,
AddVertex,-2.4114,-0.15,18.0799,
AddVertex,-2.5940,0,19.1862,
AddVertex,-2.5940,-0.15,19.1862,
AddVertex,-2.7767,0,20.2981,
AddVertex,-2.7767,-0.15,20.2981,
AddVertex,-2.9596,0,21.4157,
AddVertex,-2.9596,-0.15,21.4157,
AddVertex,-3.1428,0,22.5389,
AddVertex,-3.1428,-0.15,22.5389,
AddVertex,-3.3266,0,23.6677,
AddVertex,-3.3266,-0.15,23.6677,
AddVertex,-3.5113,0,24.8024,
AddVertex,-3.5113,-0.15,24.8024,
AddFace2,2,3,1,0,
AddFace2,4,5,3,2,
AddFace2,6,7,5,4,
AddFace2,8,9,7,6,
AddFace2,10,11,9,8,
AddFace2,12,13,11,10,
AddFace2,14,15,13,12,
AddFace2,16,17,15,14,
AddFace2,18,19,17,16,
AddFace2,20,21,19,18,
GenerateNormals,
SetColor,85,50,50,

CreateMeshBuilder
AddVertex,-0.7281,0,-0.1321,
AddVertex,-0.7281,-0.15,-0.1321,
AddVertex,-0.9060,0,0.8909,
AddVertex,-0.9060,-0.15,0.8909,
AddVertex,-1.0697,0,1.9216,
AddVertex,-1.0697,-0.15,1.9216,
AddVertex,-1.2188,0,2.9591,
AddVertex,-1.2188,-0.15,2.9591,
AddVertex,-1.3529,0,4.0030,
AddVertex,-1.3529,-0.15,4.0030,
AddVertex,-1.4720,0,5.0525,
AddVertex,-1.4720,-0.15,5.0525,
AddVertex,-1.5756,0,6.1070,
AddVertex,-1.5756,-0.15,6.1070,
AddVertex,-1.6637,0,7.1659,
AddVertex,-1.6637,-0.15,7.1659,
AddVertex,-1.7360,0,8.2283,
AddVertex,-1.7360,-0.15,8.2283,
AddVertex,-1.7924,0,9.2937,
AddVertex,-1.7924,-0.15,9.2937,
AddVertex,-1.8328,0,10.3612,
AddVertex,-1.8328,-0.15,10.3612,
AddVertex,-1.8570,0,11.4302,
AddVertex,-1.8570,-0.15,11.4302,
AddVertex,-1.8651,0,12.5000,
AddVertex,-1.8651,-0.15,12.5000,
AddVertex,-1.8570,0,13.5698,
AddVertex,-1.8570,-0.15,13.5698,
AddVertex,-1.8457,0,14.1565,
AddVertex,-1.8457,-0.15,14.1565,
AddFace2,2,3,1,0,
AddFace2,4,5,3,2,
AddFace2,6,7,5,4,
AddFace2,8,9,7,6,
AddFace2,10,11,9,8,
AddFace2,12,13,11,10,
AddFace2,14,15,13,12,
AddFace2,16,17,15,14,
AddFace2,18,19,17,16,
AddFace2,20,21,19,18,
AddFace2,22,23,21,20,
AddFace2,24,25,23,22,
AddFace2,26,27,25,24,
AddFace2,28,29,27,26,
GenerateNormals,
SetColor,85,50,50,

CreateMeshBuilder
AddVertex,-1.8457,0,14.1565,
AddVertex,-1.8457,-0.15,14.1565,
AddVertex,-2.0451,0,15.3373,
AddVertex,-2.0451,-0.15,15.3373,
AddFace2,2,3,1,0,
GenerateNormals,
SetColor,85,50,50,

CreateMeshBuilder
AddVertex,-1.7555,0,14.1635,
AddVertex,-1.7555,-0.15,14.1635,
AddVertex,-1.7186,0,15.3242,
AddVertex,-1.7186,-0.15,15.3242,
AddFace2,2,3,1,0,
GenerateNormals,
SetColor,85,50,50,

CreateMeshBuilder
AddVertex,0.6427,0,0.1166,
AddVertex,0.6427,-0.15,0.1166,
AddVertex,0.4754,0,1.1314,
AddVertex,0.4754,-0.15,1.1314,
AddVertex,0.3056,0,2.1510,
AddVertex,0.3056,-0.15,2.1510,
AddVertex,0.1334,0,3.1753,
AddVertex,0.1334,-0.15,3.1753,
AddVertex,-0.0410,0,4.2047,
AddVertex,-0.0410,-0.15,4.2047,
AddVertex,-0.2174,0,5.2392,
AddVertex,-0.2174,-0.15,5.2392,
AddVertex,-0.3956,0,6.2790,
AddVertex,-0.3956,-0.15,6.2790,
AddVertex,-0.5756,0,7.3240,
AddVertex,-0.5756,-0.15,7.3240,
AddVertex,-0.7572,0,8.3745,
AddVertex,-0.7572,-0.15,8.3745,
AddVertex,-0.9404,0,9.4304,
AddVertex,-0.9404,-0.15,9.4304,
AddVertex,-1.0903,0,10.2930,
AddVertex,-1.0903,-0.15,10.2930,
AddVertex,-1.1249,0,10.4919,
AddVertex,-1.1249,-0.15,10.4919,
AddVertex,-1.3099,0,11.5590,
AddVertex,-1.3099,-0.15,11.5590,
AddVertex,-1.4944,0,12.6318,
AddVertex,-1.4944,-0.15,12.6318,
AddVertex,-1.6785,0,13.7102,
AddVertex,-1.6785,-0.15,13.7102,
AddVertex,-1.7555,0,14.1635,
AddVertex,-1.7555,-0.15,14.1635,
AddFace2,2,3,1,0,
AddFace2,4,5,3,2,
AddFace2,6,7,5,4,
AddFace2,8,9,7,6,
AddFace2,10,11,9,8,
AddFace2,12,13,11,10,
AddFace2,14,15,13,12,
AddFace2,16,17,15,14,
AddFace2,18,19,17,16,
AddFace2,20,21,19,18,
AddFace2,22,23,21,20,
AddFace2,24,25,23,22,
AddFace2,26,27,25,24,
AddFace2,28,29,27,26,
AddFace2,30,31,29,28,
GenerateNormals,
SetColor,85,50,50,

CreateMeshBuilder
AddVertex,-0.4848,0,12.7210,
AddVertex,-0.4848,-0.15,12.7210,
AddVertex,-0.464116087146451,0,12.8719,
AddVertex,-0.464116087146451,-0.15,12.8719,
AddVertex,-0.45141182217111,0,13.8784,
AddVertex,-0.45141182217111,-0.15,13.8784,
AddVertex,-0.42411871005217,0,14.8840,
AddVertex,-0.42411871005217,-0.15,14.8840,
AddVertex,-0.382288400733231,0,15.8881,
AddVertex,-0.382288400733231,-0.15,15.8881,
AddVertex,-0.3947,0,16.0396,
AddVertex,-0.3947,-0.15,16.0396,
AddFace2,2,3,1,0,
AddFace2,4,5,3,2,
AddFace2,6,7,5,4,
AddFace2,8,9,7,6,
AddFace2,10,11,9,8,
GenerateNormals,
SetColor,85,50,50,

CreateMeshBuilder
AddVertex,-2.8922,0,12.6103,
AddVertex,-2.8922,-0.15,12.6103,
AddVertex,-2.9384,0,12.7616,
AddVertex,-2.9384,-0.15,12.7616,
AddVertex,-3.1153,0,13.7979,
AddVertex,-3.1153,-0.15,13.7979,
AddVertex,-3.2918,0,14.8392,
AddVertex,-3.2918,-0.15,14.8392,
AddVertex,-3.4679,0,15.8856,
AddVertex,-3.4679,-0.15,15.8856,
AddVertex,-3.4747,0,16.0467,
AddVertex,-3.4747,-0.15,16.0467,
AddFace2,2,3,1,0,
AddFace2,4,5,3,2,
AddFace2,6,7,5,4,
AddFace2,8,9,7,6,
AddFace2,10,11,9,8,
GenerateNormals,
SetColor,85,50,50,

CreateMeshBuilder
AddVertex,2.7550,-0.4,0.5000,
AddVertex,1.2791,-0.15,0.2321,
AddVertex,2.5860,-0.4,1.4719,
AddVertex,1.1063,-0.15,1.2257,
AddVertex,2.4305,-0.4,2.4509,
AddVertex,0.9474,-0.15,2.2266,
AddVertex,2.2889,-0.4,3.4366,
AddVertex,0.8026,-0.15,3.2342,
AddVertex,2.1614,-0.4,4.4282,
AddVertex,0.6723,-0.15,4.2480,
AddVertex,2.0483,-0.4,5.4252,
AddVertex,0.5567,-0.15,5.2673,
AddVertex,1.9499,-0.4,6.4269,
AddVertex,0.4560,-0.15,6.2914,
AddVertex,1.8662,-0.4,7.4328,
AddVertex,0.3705,-0.15,7.3197,
AddVertex,1.7975,-0.4,8.4421,
AddVertex,0.3003,-0.15,8.3515,
AddVertex,1.7439,-0.4,9.4541,
AddVertex,0.2455,-0.15,9.3861,
AddVertex,1.7056,-0.4,10.4683,
AddVertex,0.2063,-0.15,10.4229,
AddVertex,1.6826,-0.4,11.4838,
AddVertex,0.1827,-0.15,11.4611,
AddVertex,1.6749,-0.4,12.5000,
AddVertex,0.1749,-0.15,12.5000,
AddVertex,1.6826,-0.4,13.5162,
AddVertex,0.1827,-0.15,13.5389,
AddVertex,1.7056,-0.4,14.5317,
AddVertex,0.2063,-0.15,14.5771,
AddVertex,1.7439,-0.4,15.5459,
AddVertex,0.2455,-0.15,15.6139,
AddVertex,1.7975,-0.4,16.5579,
AddVertex,0.3003,-0.15,16.6485,
AddVertex,1.8662,-0.4,17.5672,
AddVertex,0.3705,-0.15,17.6803,
AddVertex,1.9499,-0.4,18.5731,
AddVertex,0.4560,-0.15,18.7086,
AddVertex,2.0483,-0.4,19.5748,
AddVertex,0.5567,-0.15,19.7327,
AddVertex,2.1614,-0.4,20.5718,
AddVertex,0.6723,-0.15,20.7520,
AddVertex,2.2889,-0.4,21.5634,
AddVertex,0.8026,-0.15,21.7658,
AddVertex,2.4305,-0.4,22.5491,
AddVertex,0.9474,-0.15,22.7734,
AddVertex,2.5860,-0.4,23.5281,
AddVertex,1.1063,-0.15,23.7743,
AddFace,3,2,0,1,
AddFace,5,4,2,3,
AddFace,7,6,4,5,
AddFace,9,8,6,7,
AddFace,11,10,8,9,
AddFace,13,12,10,11,
AddFace,15,14,12,13,
AddFace,17,16,14,15,
AddFace,19,18,16,17,
AddFace,21,20,18,19,
AddFace,23,22,20,21,
AddFace,25,24,22,23,
AddFace,27,26,24,25,
AddFace,29,28,26,27,
AddFace,31,30,28,29,
AddFace,33,32,30,31,
AddFace,35,34,32,33,
AddFace,37,36,34,35,
AddFace,39,38,36,37,
AddFace,41,40,38,39,
AddFace,43,42,40,41,
AddFace,45,44,42,43,
AddFace,47,46,44,45,
GenerateNormals,
LoadTexture,ballast.bmp,
SetTextureCoordinates,0,1,10.0000,
SetTextureCoordinates,1,0,10.0000,
SetTextureCoordinates,2,1,9.5652,
SetTextureCoordinates,3,0,9.5652,
SetTextureCoordinates,4,1,9.1304,
SetTextureCoordinates,5,0,9.1304,
SetTextureCoordinates,6,1,8.6957,
SetTextureCoordinates,7,0,8.6957,
SetTextureCoordinates,8,1,8.2609,
SetTextureCoordinates,9,0,8.2609,
SetTextureCoordinates,10,1,7.8261,
SetTextureCoordinates,11,0,7.8261,
SetTextureCoordinates,12,1,7.3913,
SetTextureCoordinates,13,0,7.3913,
SetTextureCoordinates,14,1,6.9565,
SetTextureCoordinates,15,0,6.9565,
SetTextureCoordinates,16,1,6.5217,
SetTextureCoordinates,17,0,6.5217,
SetTextureCoordinates,18,1,6.0870,
SetTextureCoordinates,19,0,6.0870,
SetTextureCoordinates,20,1,5.6522,
SetTextureCoordinates,21,0,5.6522,
SetTextureCoordinates,22,1,5.2174,
SetTextureCoordinates,23,0,5.2174,
SetTextureCoordinates,24,1,4.7826,
SetTextureCoordinates,25,0,4.7826,
SetTextureCoordinates,26,1,4.3478,
SetTextureCoordinates,27,0,4.3478,
SetTextureCoordinates,28,1,3.9130,
SetTextureCoordinates,29,0,3.9130,
SetTextureCoordinates,30,1,3.4783,
SetTextureCoordinates,31,0,3.4783,
SetTextureCoordinates,32,1,3.0435,
SetTextureCoordinates,33,0,3.0435,
SetTextureCoordinates,34,1,2.6087,
SetTextureCoordinates,35,0,2.6087,
SetTextureCoordinates,36,1,2.1739,
SetTextureCoordinates,37,0,2.1739,
SetTextureCoordinates,38,1,1.7391,
SetTextureCoordinates,39,0,1.7391,
SetTextureCoordinates,40,1,1.3043,
SetTextureCoordinates,41,0,1.3043,
SetTextureCoordinates,42,1,0.8696,
SetTextureCoordinates,43,0,0.8696,
SetTextureCoordinates,44,1,0.4348,
SetTextureCoordinates,45,0,0.4348,
SetTextureCoordinates,46,1,0.0000,
SetTextureCoordinates,47,0,0.0000,

CreateMeshBuilder
AddVertex,-1.2791,-0.15,-0.2321,
AddVertex,-2.7550,-0.4,-0.5000,
AddVertex,-1.4626,-0.15,0.7790,
AddVertex,-2.9384,-0.4,0.5104,
AddVertex,-1.6471,-0.15,1.7956,
AddVertex,-3.1227,-0.4,1.5260,
AddVertex,-1.8321,-0.15,2.8174,
AddVertex,-3.3076,-0.4,2.5469,
AddVertex,-2.0177,-0.15,3.8448,
AddVertex,-3.4930,-0.4,3.5731,
AddVertex,-2.2036,-0.15,4.8776,
AddVertex,-3.6788,-0.4,4.6046,
AddVertex,-2.3896,-0.15,5.9159,
AddVertex,-3.8648,-0.4,5.6415,
AddVertex,-2.5757,-0.15,6.9597,
AddVertex,-4.0508,-0.4,6.6838,
AddVertex,-2.7616,-0.15,8.0091,
AddVertex,-4.2368,-0.4,7.7316,
AddVertex,-2.9474,-0.15,9.0640,
AddVertex,-4.4226,-0.4,8.7847,
AddVertex,-3.1329,-0.15,10.1244,
AddVertex,-4.6082,-0.4,9.8432,
AddVertex,-3.3181,-0.15,11.1904,
AddVertex,-4.7935,-0.4,10.9072,
AddVertex,-3.5029,-0.15,12.2618,
AddVertex,-4.9785,-0.4,11.9765,
AddVertex,-3.6874,-0.15,13.3387,
AddVertex,-5.1632,-0.4,13.0512,
AddVertex,-3.8714,-0.15,14.4211,
AddVertex,-5.3475,-0.4,14.1313,
AddVertex,-4.0552,-0.15,15.5090,
AddVertex,-5.5316,-0.4,15.2167,
AddVertex,-4.2386,-0.15,16.6023,
AddVertex,-5.7154,-0.4,16.3075,
AddVertex,-4.4219,-0.15,17.7010,
AddVertex,-5.8991,-0.4,17.4036,
AddVertex,-4.6051,-0.15,18.8052,
AddVertex,-6.0827,-0.4,18.5050,
AddVertex,-4.7883,-0.15,19.9148,
AddVertex,-6.2664,-0.4,19.6118,
AddVertex,-4.9717,-0.15,21.0298,
AddVertex,-6.4504,-0.4,20.7239,
AddVertex,-5.1555,-0.15,22.1504,
AddVertex,-6.6347,-0.4,21.8415,
AddVertex,-5.3398,-0.15,23.2765,
AddVertex,-6.8196,-0.4,22.9644,
AddVertex,-5.5250,-0.15,24.4082,
AddVertex,-7.0053,-0.4,24.0929,
AddFace,3,2,0,1,
AddFace,5,4,2,3,
AddFace,7,6,4,5,
AddFace,9,8,6,7,
AddFace,11,10,8,9,
AddFace,13,12,10,11,
AddFace,15,14,12,13,
AddFace,17,16,14,15,
AddFace,19,18,16,17,
AddFace,21,20,18,19,
AddFace,23,22,20,21,
AddFace,25,24,22,23,
AddFace,27,26,24,25,
AddFace,29,28,26,27,
AddFace,31,30,28,29,
AddFace,33,32,30,31,
AddFace,35,34,32,33,
AddFace,37,36,34,35,
AddFace,39,38,36,37,
AddFace,41,40,38,39,
AddFace,43,42,40,41,
AddFace,45,44,42,43,
AddFace,47,46,44,45,
GenerateNormals,
LoadTexture,ballast.bmp,
SetTextureCoordinates,0,0,10.0000,
SetTextureCoordinates,1,1,10.0000,
SetTextureCoordinates,2,0,9.5652,
SetTextureCoordinates,3,1,9.5652,
SetTextureCoordinates,4,0,9.1304,
SetTextureCoordinates,5,1,9.1304,
SetTextureCoordinates,6,0,8.6957,
SetTextureCoordinates,7,1,8.6957,
SetTextureCoordinates,8,0,8.2609,
SetTextureCoordinates,9,1,8.2609,
SetTextureCoordinates,10,0,7.8261,
SetTextureCoordinates,11,1,7.8261,
SetTextureCoordinates,12,0,7.3913,
SetTextureCoordinates,13,1,7.3913,
SetTextureCoordinates,14,0,6.9565,
SetTextureCoordinates,15,1,6.9565,
SetTextureCoordinates,16,0,6.5217,
SetTextureCoordinates,17,1,6.5217,
SetTextureCoordinates,18,0,6.0870,
SetTextureCoordinates,19,1,6.0870,
SetTextureCoordinates,20,0,5.6522,
SetTextureCoordinates,21,1,5.6522,
SetTextureCoordinates,22,0,5.2174,
SetTextureCoordinates,23,1,5.2174,
SetTextureCoordinates,24,0,4.7826,
SetTextureCoordinates,25,1,4.7826,
SetTextureCoordinates,26,0,4.3478,
SetTextureCoordinates,27,1,4.3478,
SetTextureCoordinates,28,0,3.9130,
SetTextureCoordinates,29,1,3.9130,
SetTextureCoordinates,30,0,3.4783,
SetTextureCoordinates,31,1,3.4783,
SetTextureCoordinates,32,0,3.0435,
SetTextureCoordinates,33,1,3.0435,
SetTextureCoordinates,34,0,2.6087,
SetTextureCoordinates,35,1,2.6087,
SetTextureCoordinates,36,0,2.1739,
SetTextureCoordinates,37,1,2.1739,
SetTextureCoordinates,38,0,1.7391,
SetTextureCoordinates,39,1,1.7391,
SetTextureCoordinates,40,0,1.3043,
SetTextureCoordinates,41,1,1.3043,
SetTextureCoordinates,42,0,0.8696,
SetTextureCoordinates,43,1,0.8696,
SetTextureCoordinates,44,0,0.4348,
SetTextureCoordinates,45,1,0.4348,
SetTextureCoordinates,46,0,0.0000,
SetTextureCoordinates,47,1,0.0000,

CreateMeshBuilder ;Sleepers L Branch
AddVertex,1.2791,-0.15,0.2321,
AddVertex,0.0000,-0.151,0.0000,
AddVertex,1.1063,-0.15,1.2257,
AddVertex,-0.1798,-0.151,1.0118,
AddVertex,0.9474,-0.15,2.2266,
AddVertex,-0.3530,-0.151,2.0299,
AddVertex,0.8026,-0.15,3.2342,
AddVertex,-0.5193,-0.151,3.0543,
AddVertex,0.6723,-0.15,4.2480,
AddVertex,-0.6785,-0.151,4.0846,
AddVertex,0.5567,-0.15,5.2673,
AddVertex,-0.8303,-0.151,5.1204,
AddVertex,0.4560,-0.15,6.2914,
AddVertex,-0.9746,-0.151,6.1616,
AddVertex,0.3705,-0.15,7.3197,
AddVertex,-1.1112,-0.151,7.2076,
AddVertex,0.3003,-0.15,8.3515,
AddVertex,-1.2399,-0.151,8.2583,
AddVertex,0.2455,-0.15,9.3861,
AddVertex,-1.3607,-0.151,9.3133,
AddVertex,0.2063,-0.15,10.4229,
AddVertex,-1.4733,-0.151,10.3721,
AddVertex,0.1827,-0.15,11.4611,
AddVertex,-1.5778,-0.151,11.4345,
AddVertex,0.1749,-0.15,12.5000,
AddVertex,-1.6742,-0.151,12.5000,
AddVertex,0.1827,-0.15,13.5389,
AddVertex,-1.7623,-0.151,13.5683,
AddVertex,0.2063,-0.15,14.5771,
AddVertex,-1.8422,-0.151,14.6391,
AddVertex,0.2455,-0.15,15.6139,
AddVertex,-1.9140,-0.151,15.7118,
AddVertex,0.3003,-0.15,16.6485,
AddVertex,-1.9776,-0.151,16.7863,
AddVertex,0.3705,-0.15,17.6803,
AddVertex,-2.0333,-0.151,17.8621,
AddVertex,0.4560,-0.15,18.7086,
AddVertex,-2.1334,-0.151,18.9436,
AddVertex,0.5567,-0.15,19.7327,
AddVertex,-2.0289,-0.151,20.0065,
AddVertex,0.6723,-0.15,20.7520,
AddVertex,-1.9089,-0.151,21.0643,
AddVertex,0.8026,-0.15,21.7658,
AddVertex,-1.7736,-0.151,22.1164,
AddVertex,0.9474,-0.15,22.7734,
AddVertex,-1.6234,-0.151,23.1622,
AddVertex,1.1063,-0.15,23.7743,
AddVertex,-1.4584,-0.151,24.2010,
AddFace,3,2,0,1,
AddFace,5,4,2,3,
AddFace,7,6,4,5,
AddFace,9,8,6,7,
AddFace,11,10,8,9,
AddFace,13,12,10,11,
AddFace,15,14,12,13,
AddFace,17,16,14,15,
AddFace,19,18,16,17,
AddFace,21,20,18,19,
AddFace,23,22,20,21,
AddFace,25,24,22,23,
AddFace,27,26,24,25,
AddFace,29,28,26,27,
AddFace,31,30,28,29,
AddFace,33,32,30,31,
AddFace,35,34,32,33,
AddFace,37,36,34,35,
AddFace,39,38,36,37,
AddFace,41,40,38,39,
AddFace,43,42,40,41,
AddFace,45,44,42,43,
AddFace,47,46,44,45,
GenerateNormals,
LoadTexture,Sleeper.bmp,
SetTextureCoordinates,0.0000,0,0.0000,
SetTextureCoordinates,1.0000,1,0.0000,
SetTextureCoordinates,2.0000,0,0.6522,
SetTextureCoordinates,3.0000,1,0.6522,
SetTextureCoordinates,4.0000,0,1.3043,
SetTextureCoordinates,5.0000,1,1.3043,
SetTextureCoordinates,6.0000,0,1.9565,
SetTextureCoordinates,7.0000,1,1.9565,
SetTextureCoordinates,8.0000,0,2.6087,
SetTextureCoordinates,9.0000,1,2.6087,
SetTextureCoordinates,10.0000,0,3.2609,
SetTextureCoordinates,11.0000,1,3.2609,
SetTextureCoordinates,12.0000,0,3.9130,
SetTextureCoordinates,13.0000,1,3.9130,
SetTextureCoordinates,14.0000,0,4.5652,
SetTextureCoordinates,15.0000,1,4.5652,
SetTextureCoordinates,16.0000,0,5.2174,
SetTextureCoordinates,17.0000,1,5.2174,
SetTextureCoordinates,18.0000,0,5.8696,
SetTextureCoordinates,19.0000,1,5.8696,
SetTextureCoordinates,20.0000,0,6.5217,
SetTextureCoordinates,21.0000,1,6.5217,
SetTextureCoordinates,22.0000,0,7.1739,
SetTextureCoordinates,23.0000,1,7.1739,
SetTextureCoordinates,24.0000,0,7.8261,
SetTextureCoordinates,25.0000,1,7.8261,
SetTextureCoordinates,26.0000,0,8.4783,
SetTextureCoordinates,27.0000,1,8.4783,
SetTextureCoordinates,28.0000,0,9.1304,
SetTextureCoordinates,29.0000,1,9.1304,
SetTextureCoordinates,30.0000,0,9.7826,
SetTextureCoordinates,31.0000,1,9.7826,
SetTextureCoordinates,32.0000,0,10.4348,
SetTextureCoordinates,33.0000,1,10.4348,
SetTextureCoordinates,34.0000,0,11.0870,
SetTextureCoordinates,35.0000,1,11.0870,
SetTextureCoordinates,36.0000,0,11.7391,
SetTextureCoordinates,37.0000,1,11.7391,
SetTextureCoordinates,38.0000,0,12.3913,
SetTextureCoordinates,39.0000,1,12.3913,
SetTextureCoordinates,40.0000,0,13.0435,
SetTextureCoordinates,41.0000,1,13.0435,
SetTextureCoordinates,42.0000,0,13.6957,
SetTextureCoordinates,43.0000,1,13.6957,
SetTextureCoordinates,44.0000,0,14.3478,
SetTextureCoordinates,45.0000,1,14.3478,
SetTextureCoordinates,46.0000,0,15.0000,
SetTextureCoordinates,47.0000,1,15.0000,

CreateMeshBuilder ;Sleepers R Branch
AddVertex,0.0000,-0.15,0.0000,
AddVertex,-1.2791,-0.15,-0.2321,
AddVertex,-0.1798,-0.15,1.0118,
AddVertex,-1.4626,-0.15,0.7790,
AddVertex,-0.3530,-0.15,2.0299,
AddVertex,-1.6471,-0.15,1.7956,
AddVertex,-0.5193,-0.15,3.0543,
AddVertex,-1.8321,-0.15,2.8174,
AddVertex,-0.6785,-0.15,4.0846,
AddVertex,-2.0177,-0.15,3.8448,
AddVertex,-0.8303,-0.15,5.1204,
AddVertex,-2.2036,-0.15,4.8776,
AddVertex,-0.9746,-0.15,6.1616,
AddVertex,-2.3896,-0.15,5.9159,
AddVertex,-1.1112,-0.15,7.2076,
AddVertex,-2.5757,-0.15,6.9597,
AddVertex,-1.2399,-0.15,8.2583,
AddVertex,-2.7616,-0.15,8.0091,
AddVertex,-1.3607,-0.15,9.3133,
AddVertex,-2.9474,-0.15,9.0640,
AddVertex,-1.4733,-0.15,10.3721,
AddVertex,-3.1329,-0.15,10.1244,
AddVertex,-1.5778,-0.15,11.4345,
AddVertex,-3.3181,-0.15,11.1904,
AddVertex,-1.6742,-0.15,12.5000,
AddVertex,-3.5029,-0.15,12.2618,
AddVertex,-1.7623,-0.15,13.5683,
AddVertex,-3.6874,-0.15,13.3387,
AddVertex,-1.8422,-0.15,14.6391,
AddVertex,-3.8714,-0.15,14.4211,
AddVertex,-1.9140,-0.15,15.7118,
AddVertex,-4.0552,-0.15,15.5090,
AddVertex,-1.9776,-0.15,16.7863,
AddVertex,-4.2386,-0.15,16.6023,
AddVertex,-2.0333,-0.15,17.8621,
AddVertex,-4.4219,-0.15,17.7010,
AddVertex,-2.0812,-0.15,18.9389,
AddVertex,-4.6051,-0.15,18.8052,
AddVertex,-2.2243,-0.15,20.3976,
AddVertex,-4.7883,-0.15,19.9148,
AddVertex,-2.4070,-0.15,21.5155,
AddVertex,-4.9717,-0.15,21.0298,
AddVertex,-2.5901,-0.15,22.6391,
AddVertex,-5.1555,-0.15,22.1504,
AddVertex,-2.7739,-0.15,23.7685,
AddVertex,-5.3398,-0.15,23.2765,
AddVertex,-2.9584,-0.15,24.9036,
AddVertex,-5.5250,-0.15,24.4082,
AddFace,3,2,0,1,
AddFace,5,4,2,3,
AddFace,7,6,4,5,
AddFace,9,8,6,7,
AddFace,11,10,8,9,
AddFace,13,12,10,11,
AddFace,15,14,12,13,
AddFace,17,16,14,15,
AddFace,19,18,16,17,
AddFace,21,20,18,19,
AddFace,23,22,20,21,
AddFace,25,24,22,23,
AddFace,27,26,24,25,
AddFace,29,28,26,27,
AddFace,31,30,28,29,
AddFace,33,32,30,31,
AddFace,35,34,32,33,
AddFace,37,36,34,35,
AddFace,39,38,36,37,
AddFace,41,40,38,39,
AddFace,43,42,40,41,
AddFace,45,44,42,43,
AddFace,47,46,44,45,
GenerateNormals,
LoadTexture,Sleeper.bmp,
SetTextureCoordinates,0.0000,0,0.0000,
SetTextureCoordinates,1.0000,1,0.0000,
SetTextureCoordinates,2.0000,0,0.6522,
SetTextureCoordinates,3.0000,1,0.6522,
SetTextureCoordinates,4.0000,0,1.3043,
SetTextureCoordinates,5.0000,1,1.3043,
SetTextureCoordinates,6.0000,0,1.9565,
SetTextureCoordinates,7.0000,1,1.9565,
SetTextureCoordinates,8.0000,0,2.6087,
SetTextureCoordinates,9.0000,1,2.6087,
SetTextureCoordinates,10.0000,0,3.2609,
SetTextureCoordinates,11.0000,1,3.2609,
SetTextureCoordinates,12.0000,0,3.9130,
SetTextureCoordinates,13.0000,1,3.9130,
SetTextureCoordinates,14.0000,0,4.5652,
SetTextureCoordinates,15.0000,1,4.5652,
SetTextureCoordinates,16.0000,0,5.2174,
SetTextureCoordinates,17.0000,1,5.2174,
SetTextureCoordinates,18.0000,0,5.8696,
SetTextureCoordinates,19.0000,1,5.8696,
SetTextureCoordinates,20.0000,0,6.5217,
SetTextureCoordinates,21.0000,1,6.5217,
SetTextureCoordinates,22.0000,0,7.1739,
SetTextureCoordinates,23.0000,1,7.1739,
SetTextureCoordinates,24.0000,0,7.8261,
SetTextureCoordinates,25.0000,1,7.8261,
SetTextureCoordinates,26.0000,0,8.4783,
SetTextureCoordinates,27.0000,1,8.4783,
SetTextureCoordinates,28.0000,0,9.1304,
SetTextureCoordinates,29.0000,1,9.1304,
SetTextureCoordinates,30.0000,0,9.7826,
SetTextureCoordinates,31.0000,1,9.7826,
SetTextureCoordinates,32.0000,0,10.4348,
SetTextureCoordinates,33.0000,1,10.4348,
SetTextureCoordinates,34.0000,0,11.0870,
SetTextureCoordinates,35.0000,1,11.0870,
SetTextureCoordinates,36.0000,0,11.7391,
SetTextureCoordinates,37.0000,1,11.7391,
SetTextureCoordinates,38.0000,0,12.3913,
SetTextureCoordinates,39.0000,1,12.3913,
SetTextureCoordinates,40.0000,0,13.0435,
SetTextureCoordinates,41.0000,1,13.0435,
SetTextureCoordinates,42.0000,0,13.6957,
SetTextureCoordinates,43.0000,1,13.6957,
SetTextureCoordinates,44.0000,0,14.3478,
SetTextureCoordinates,45.0000,1,14.3478,
SetTextureCoordinates,46.0000,0,15.0000,
SetTextureCoordinates,47.0000,1,15.0000,

CreateMeshBuilder ;Shoulder R Branch L
AddVertex,-2.1334,-0.151,18.9436,
AddVertex,-3.6272,-0.4,19.0791,
AddVertex,-2.0289,-0.151,20.0065,
AddVertex,-3.5205,-0.4,20.1644,
AddVertex,-1.9089,-0.151,21.0643,
AddVertex,-3.3980,-0.4,21.2445,
AddVertex,-1.7736,-0.151,22.1164,
AddVertex,-3.2599,-0.4,22.3187,
AddVertex,-1.6234,-0.151,23.1622,
AddVertex,-3.1065,-0.4,23.3865,
AddVertex,-1.4584,-0.151,24.2010,
AddVertex,-2.9381,-0.4,24.4471,
AddFace,3,2,0,1,
AddFace,5,4,2,3,
AddFace,7,6,4,5,
AddFace,9,8,6,7,
AddFace,11,10,8,9,
GenerateNormals,
LoadTexture,Ballast.bmp,
SetTextureCoordinates,0,-1,2.1739,
SetTextureCoordinates,1,0,2.1739,
SetTextureCoordinates,2,-1,1.7391,
SetTextureCoordinates,3,0,1.7391,
SetTextureCoordinates,4,-1,1.3043,
SetTextureCoordinates,5,0,1.3043,
SetTextureCoordinates,6,-1,0.8696,
SetTextureCoordinates,7,0,0.8696,
SetTextureCoordinates,8,-1,0.4348,
SetTextureCoordinates,9,0,0.4348,
SetTextureCoordinates,10,-1,0.0000,
SetTextureCoordinates,11,0,0.0000,

CreateMeshBuilder ;Shoulder L Branch R
AddVertex,-0.7442,-0.4,20.6518,
AddVertex,-2.2243,-0.15,20.3976,
AddVertex,-0.9267,-0.4,21.7700,
AddVertex,-2.4070,-0.15,21.5155,
AddVertex,-1.1097,-0.4,22.8941,
AddVertex,-2.5901,-0.15,22.6391,
AddVertex,-1.2932,-0.4,24.0241,
AddVertex,-2.7739,-0.15,23.7685,
AddVertex,-1.4777,-0.4,25.1599,
AddVertex,-2.9584,-0.15,24.9036,
AddFace,3,2,0,1,
AddFace,5,4,2,3,
AddFace,7,6,4,5,
AddFace,9,8,6,7,
GenerateNormals,
LoadTexture,Ballast.bmp,
SetTextureCoordinates,0,1,1.7391,
SetTextureCoordinates,1,0,1.7391,
SetTextureCoordinates,2,1,1.3043,
SetTextureCoordinates,3,0,1.3043,
SetTextureCoordinates,4,1,0.8696,
SetTextureCoordinates,5,0,0.8696,
SetTextureCoordinates,6,1,0.4348,
SetTextureCoordinates,7,0,0.4348,
SetTextureCoordinates,8,1,0.0000,
SetTextureCoordinates,9,0,0.0000,

CreateMeshBuilder
AddVertex,1.2791,-0.14,0.2321,
AddVertex,0.3198,-0.14,0.0580,
AddVertex,1.0734,-0.14,1.4253,
AddVertex,0.1112,-0.14,1.2682,
AddVertex,0.8877,-0.14,2.6289,
AddVertex,-0.0771,-0.14,2.4888,
AddVertex,0.7227,-0.14,3.8418,
AddVertex,-0.2446,-0.14,3.7189,
AddVertex,0.5786,-0.14,5.0630,
AddVertex,-0.3907,-0.14,4.9575,
AddVertex,0.4560,-0.14,6.2914,
AddVertex,-0.5150,-0.14,6.2033,
AddFace,3,2,0,1,
AddFace,5,4,2,3,
AddFace,7,6,4,5,
AddFace,9,8,6,7,
AddFace,11,10,8,9,
GenerateNormals,
LoadTexture,SchieneSpezAnf.bmp,
SetTextureCoordinates,0,1,15.0000,
SetTextureCoordinates,1,0,15.0000,
SetTextureCoordinates,2,1,14.2500,
SetTextureCoordinates,3,0,14.2500,
SetTextureCoordinates,4,1,13.5000,
SetTextureCoordinates,5,0,13.5000,
SetTextureCoordinates,6,1,12.7500,
SetTextureCoordinates,7,0,12.7500,
SetTextureCoordinates,8,1,12.0000,
SetTextureCoordinates,9,0,12.0000,
SetTextureCoordinates,10,1,11.2500,
SetTextureCoordinates,11,0,11.2500,
SetDecalTransparentColor,255,255,255,

CreateMeshBuilder
AddVertex,0.1793,-0.14,6.2663,
AddVertex,-0.7881,-0.14,6.1785,
AddVertex,-0.0442,-0.14,7.4968,
AddVertex,-1.0114,-0.14,7.4266,
AddVertex,-0.2684,-0.14,8.7354,
AddVertex,-1.2347,-0.14,8.6828,
AddVertex,-0.4930,-0.14,9.9821,
AddVertex,-1.4578,-0.14,9.9471,
AddVertex,-0.7179,-0.14,11.2370,
AddVertex,-1.6807,-0.14,11.2195,
AddVertex,-0.9431,-0.14,12.5000,
AddVertex,-1.9032,-0.14,12.5000,
AddVertex,-1.1686,-0.14,13.7712,
AddVertex,-2.1253,-0.14,13.7886,
AddFace,3,2,0,1,
AddFace,5,4,2,3,
AddFace,7,6,4,5,
AddFace,9,8,6,7,
AddFace,11,10,8,9,
AddFace,13,12,10,11,
GenerateNormals,
LoadTexture,SchieneSpez.bmp,
SetTextureCoordinates,0,1,11.2500,
SetTextureCoordinates,1,0,11.2500,
SetTextureCoordinates,2,1,10.5000,
SetTextureCoordinates,3,0,10.5000,
SetTextureCoordinates,4,1,9.7500,
SetTextureCoordinates,5,0,9.7500,
SetTextureCoordinates,6,1,9.0000,
SetTextureCoordinates,7,0,9.0000,
SetTextureCoordinates,8,1,8.2500,
SetTextureCoordinates,9,0,8.2500,
SetTextureCoordinates,10,1,7.5000,
SetTextureCoordinates,11,0,7.5000,
SetTextureCoordinates,12,1,6.7500,
SetTextureCoordinates,13,0,6.7500,
SetDecalTransparentColor,255,255,255,

CreateMeshBuilder
AddVertex,-1.2791,-0.14,-0.2321,
AddVertex,-0.3198,-0.14,-0.0580,
AddVertex,-1.5032,-0.14,1.0045,
AddVertex,-0.5411,-0.14,1.1616,
AddVertex,-1.7276,-0.14,2.2492,
AddVertex,-0.7633,-0.14,2.3892,
AddVertex,-1.9522,-0.14,3.5020,
AddVertex,-0.9863,-0.14,3.6247,
AddVertex,-2.1765,-0.14,4.7630,
AddVertex,-1.2096,-0.14,4.8683,
AddVertex,-2.4003,-0.14,6.0322,
AddVertex,-1.4329,-0.14,6.1200,
AddFace,2,3,1,0,
AddFace,4,5,3,2,
AddFace,6,7,5,4,
AddFace,8,9,7,6,
AddFace,10,11,9,8,
GenerateNormals,
LoadTexture,SchieneSpezAnf.bmp,
SetTextureCoordinates,0,1,15.0000,
SetTextureCoordinates,1,0,15.0000,
SetTextureCoordinates,2,1,14.2500,
SetTextureCoordinates,3,0,14.2500,
SetTextureCoordinates,4,1,13.5000,
SetTextureCoordinates,5,0,13.5000,
SetTextureCoordinates,6,1,12.7500,
SetTextureCoordinates,7,0,12.7500,
SetTextureCoordinates,8,1,12.0000,
SetTextureCoordinates,9,0,12.0000,
SetTextureCoordinates,10,1,11.2500,
SetTextureCoordinates,11,0,11.2500,
SetDecalTransparentColor,255,255,255,

CreateMeshBuilder
AddVertex,-2.1334,-0.14,6.0564,
AddVertex,-1.1623,-0.14,6.1445,
AddVertex,-2.2380,-0.14,7.3375,
AddVertex,-1.2655,-0.14,7.4081,
AddVertex,-2.3197,-0.14,8.6237,
AddVertex,-1.3461,-0.14,8.6767,
AddVertex,-2.3782,-0.14,9.9137,
AddVertex,-1.4038,-0.14,9.9490,
AddVertex,-2.4134,-0.14,11.2062,
AddVertex,-1.4385,-0.14,11.2239,
AddVertex,-2.4251,-0.14,12.5000,
AddVertex,-1.4501,-0.14,12.5000,
AddVertex,-2.4134,-0.14,13.7938,
AddVertex,-1.4385,-0.14,13.7761,
AddFace,2,3,1,0,
AddFace,4,5,3,2,
AddFace,6,7,5,4,
AddFace,8,9,7,6,
AddFace,10,11,9,8,
AddFace,12,13,11,10,
GenerateNormals,
LoadTexture,SchieneSpez.bmp,
SetTextureCoordinates,0,1,11.2500,
SetTextureCoordinates,1,0,11.2500,
SetTextureCoordinates,2,1,10.5000,
SetTextureCoordinates,3,0,10.5000,
SetTextureCoordinates,4,1,9.7500,
SetTextureCoordinates,5,0,9.7500,
SetTextureCoordinates,6,1,9.0000,
SetTextureCoordinates,7,0,9.0000,
SetTextureCoordinates,8,1,8.2500,
SetTextureCoordinates,9,0,8.2500,
SetTextureCoordinates,10,1,7.5000,
SetTextureCoordinates,11,0,7.5000,
SetTextureCoordinates,12,1,6.7500,
SetTextureCoordinates,13,0,6.7500,
SetDecalTransparentColor,255,255,255,
RotateAll,0,1,0,180
TranslateAll, 0,0,25